technology,carrier,province,year,share,target_mw_before_existing_stock_adjustment,lower_limit_mw_before_existing_stock_adjustment,upper_limit_mw_before_existing_stock_adjustment,national_target_mw,lower_multiplier,upper_multiplier,allocation_basis,national_source_note
Battery storage power,battery,Anhui,2030,0.025064,9273.573829,0.0,9273.573829,370000.0,0.0,1.0,data/existing_infrastructure/battery_capacity.csv: 2025,储能产业研究白皮书2026 / NEA 2030年累计超3.7亿千瓦
Battery storage power,battery,Beijing,2030,0.00066,244.055807,0.0,244.055807,370000.0,0.0,1.0,data/existing_infrastructure/battery_capacity.csv: 2025,储能产业研究白皮书2026 / NEA 2030年累计超3.7亿千瓦
Battery storage power,battery,Chongqing,2030,0.001453,537.457643,0.0,537.457643,370000.0,0.0,1.0,data/existing_infrastructure/battery_capacity.csv: 2025,储能产业研究白皮书2026 / NEA 2030年累计超3.7亿千瓦
Battery storage power,battery,Fujian,2030,0.005485,2029.599617,0.0,2029.599617,370000.0,0.0,1.0,data/existing_infrastructure/battery_capacity.csv: 2025,储能产业研究白皮书2026 / NEA 2030年累计超3.7亿千瓦
Battery storage power,battery,Gansu,2030,0.046619,17248.847594,0.0,17248.847594,370000.0,0.0,1.0,data/existing_infrastructure/battery_capacity.csv: 2025,储能产业研究白皮书2026 / NEA 2030年累计超3.7亿千瓦
Battery storage power,battery,Guangdong,2030,0.053803,19907.273089,0.0,19907.273089,370000.0,0.0,1.0,data/existing_infrastructure/battery_capacity.csv: 2025,储能产业研究白皮书2026 / NEA 2030年累计超3.7亿千瓦
Battery storage power,battery,Guangxi,2030,0.007324,2709.722186,0.0,2709.722186,370000.0,0.0,1.0,data/existing_infrastructure/battery_capacity.csv: 2025,储能产业研究白皮书2026 / NEA 2030年累计超3.7亿千瓦
Battery storage power,battery,Guizhou,2030,0.015101,5587.231209,0.0,5587.231209,370000.0,0.0,1.0,data/existing_infrastructure/battery_capacity.csv: 2025,储能产业研究白皮书2026 / NEA 2030年累计超3.7亿千瓦
Battery storage power,battery,Hainan,2030,0.001541,570.208084,0.0,570.208084,370000.0,0.0,1.0,data/existing_infrastructure/battery_capacity.csv: 2025,储能产业研究白皮书2026 / NEA 2030年累计超3.7亿千瓦
Battery storage power,battery,Hebei,2030,0.048958,18114.38097,0.0,18114.38097,370000.0,0.0,1.0,data/existing_infrastructure/battery_capacity.csv: 2025,储能产业研究白皮书2026 / NEA 2030年累计超3.7亿千瓦
Battery storage power,battery,Heilongjiang,2030,0.005153,1906.67528,0.0,1906.67528,370000.0,0.0,1.0,data/existing_infrastructure/battery_capacity.csv: 2025,储能产业研究白皮书2026 / NEA 2030年累计超3.7亿千瓦
Battery storage power,battery,Henan,2030,0.036765,13602.941076,0.0,13602.941076,370000.0,0.0,1.0,data/existing_infrastructure/battery_capacity.csv: 2025,储能产业研究白皮书2026 / NEA 2030年累计超3.7亿千瓦
Battery storage power,battery,Hubei,2030,0.011538,4269.15791,0.0,4269.15791,370000.0,0.0,1.0,data/existing_infrastructure/battery_capacity.csv: 2025,储能产业研究白皮书2026 / NEA 2030年累计超3.7亿千瓦
Battery storage power,battery,Hunan,2030,0.039099,14466.774085,0.0,14466.774085,370000.0,0.0,1.0,data/existing_infrastructure/battery_capacity.csv: 2025,储能产业研究白皮书2026 / NEA 2030年累计超3.7亿千瓦
Battery storage power,battery,InnerMongolia,2030,0.148971,55119.117242,0.0,55119.117242,370000.0,0.0,1.0,data/existing_infrastructure/battery_capacity.csv: 2025,储能产业研究白皮书2026 / NEA 2030年累计超3.7亿千瓦
Battery storage power,battery,Jiangsu,2030,0.07753,28686.254863,0.0,28686.254863,370000.0,0.0,1.0,data/existing_infrastructure/battery_capacity.csv: 2025,储能产业研究白皮书2026 / NEA 2030年累计超3.7亿千瓦
Battery storage power,battery,Jiangxi,2030,0.012882,4766.239303,0.0,4766.239303,370000.0,0.0,1.0,data/existing_infrastructure/battery_capacity.csv: 2025,储能产业研究白皮书2026 / NEA 2030年累计超3.7亿千瓦
Battery storage power,battery,Jilin,2030,0.00498,1842.521089,0.0,1842.521089,370000.0,0.0,1.0,data/existing_infrastructure/battery_capacity.csv: 2025,储能产业研究白皮书2026 / NEA 2030年累计超3.7亿千瓦
Battery storage power,battery,Liaoning,2030,0.007222,2672.036598,0.0,2672.036598,370000.0,0.0,1.0,data/existing_infrastructure/battery_capacity.csv: 2025,储能产业研究白皮书2026 / NEA 2030年累计超3.7亿千瓦
Battery storage power,battery,Ningxia,2030,0.064564,23888.726074,0.0,23888.726074,370000.0,0.0,1.0,data/existing_infrastructure/battery_capacity.csv: 2025,储能产业研究白皮书2026 / NEA 2030年累计超3.7亿千瓦
Battery storage power,battery,Qinghai,2030,0.032516,12030.917191,0.0,12030.917191,370000.0,0.0,1.0,data/existing_infrastructure/battery_capacity.csv: 2025,储能产业研究白皮书2026 / NEA 2030年累计超3.7亿千瓦
Battery storage power,battery,Shaanxi,2030,0.018508,6847.878332,0.0,6847.878332,370000.0,0.0,1.0,data/existing_infrastructure/battery_capacity.csv: 2025,储能产业研究白皮书2026 / NEA 2030年累计超3.7亿千瓦
Battery storage power,battery,Shandong,2030,0.082426,30497.793893,0.0,30497.793893,370000.0,0.0,1.0,data/existing_infrastructure/battery_capacity.csv: 2025,储能产业研究白皮书2026 / NEA 2030年累计超3.7亿千瓦
Battery storage power,battery,Shanghai,2030,0.001656,612.826098,0.0,612.826098,370000.0,0.0,1.0,data/existing_infrastructure/battery_capacity.csv: 2025,储能产业研究白皮书2026 / NEA 2030年累计超3.7亿千瓦
Battery storage power,battery,Shanxi,2030,0.027586,10206.947793,0.0,10206.947793,370000.0,0.0,1.0,data/existing_infrastructure/battery_capacity.csv: 2025,储能产业研究白皮书2026 / NEA 2030年累计超3.7亿千瓦
Battery storage power,battery,Sichuan,2030,0.005637,2085.676382,0.0,2085.676382,370000.0,0.0,1.0,data/existing_infrastructure/battery_capacity.csv: 2025,储能产业研究白皮书2026 / NEA 2030年累计超3.7亿千瓦
Battery storage power,battery,Tianjin,2030,0.002408,890.979038,0.0,890.979038,370000.0,0.0,1.0,data/existing_infrastructure/battery_capacity.csv: 2025,储能产业研究白皮书2026 / NEA 2030年累计超3.7亿千瓦
Battery storage power,battery,Tibet,2030,0.001455,538.355437,0.0,538.355437,370000.0,0.0,1.0,data/existing_infrastructure/battery_capacity.csv: 2025,储能产业研究白皮书2026 / NEA 2030年累计超3.7亿千瓦
Battery storage power,battery,Xinjiang,2030,0.138235,51147.058447,0.0,51147.058447,370000.0,0.0,1.0,data/existing_infrastructure/battery_capacity.csv: 2025,储能产业研究白皮书2026 / NEA 2030年累计超3.7亿千瓦
Battery storage power,battery,Yunnan,2030,0.036765,13602.941076,0.0,13602.941076,370000.0,0.0,1.0,data/existing_infrastructure/battery_capacity.csv: 2025,储能产业研究白皮书2026 / NEA 2030年累计超3.7亿千瓦
Battery storage power,battery,Zhejiang,2030,0.038097,14095.832764,0.0,14095.832764,370000.0,0.0,1.0,data/existing_infrastructure/battery_capacity.csv: 2025,储能产业研究白皮书2026 / NEA 2030年累计超3.7亿千瓦
Battery storage power,battery,Anhui,2035,0.025064,12030.582264,0.0,12030.582264,480000.0,0.0,1.0,data/existing_infrastructure/battery_capacity.csv: 2025,白皮书趋势外推（2030后约30%增量，供参考）
Battery storage power,battery,Beijing,2035,0.00066,316.612939,0.0,316.612939,480000.0,0.0,1.0,data/existing_infrastructure/battery_capacity.csv: 2025,白皮书趋势外推（2030后约30%增量，供参考）
Battery storage power,battery,Chongqing,2035,0.001453,697.242348,0.0,697.242348,480000.0,0.0,1.0,data/existing_infrastructure/battery_capacity.csv: 2025,白皮书趋势外推（2030后约30%增量，供参考）
Battery storage power,battery,Fujian,2035,0.005485,2632.994098,0.0,2632.994098,480000.0,0.0,1.0,data/existing_infrastructure/battery_capacity.csv: 2025,白皮书趋势外推（2030后约30%增量，供参考）
Battery storage power,battery,Gansu,2035,0.046619,22376.883365,0.0,22376.883365,480000.0,0.0,1.0,data/existing_infrastructure/battery_capacity.csv: 2025,白皮书趋势外推（2030后约30%增量，供参考）
Battery storage power,battery,Guangdong,2035,0.053803,25825.651575,0.0,25825.651575,480000.0,0.0,1.0,data/existing_infrastructure/battery_capacity.csv: 2025,白皮书趋势外推（2030后约30%增量，供参考）
Battery storage power,battery,Guangxi,2035,0.007324,3515.315268,0.0,3515.315268,480000.0,0.0,1.0,data/existing_infrastructure/battery_capacity.csv: 2025,白皮书趋势外推（2030后约30%增量，供参考）
Battery storage power,battery,Guizhou,2035,0.015101,7248.299947,0.0,7248.299947,480000.0,0.0,1.0,data/existing_infrastructure/battery_capacity.csv: 2025,白皮书趋势外推（2030后约30%增量，供参考）
Battery storage power,battery,Hainan,2035,0.001541,739.729406,0.0,739.729406,480000.0,0.0,1.0,data/existing_infrastructure/battery_capacity.csv: 2025,白皮书趋势外推（2030后约30%增量，供参考）
Battery storage power,battery,Hebei,2035,0.048958,23499.737474,0.0,23499.737474,480000.0,0.0,1.0,data/existing_infrastructure/battery_capacity.csv: 2025,白皮书趋势外推（2030后约30%增量，供参考）
Battery storage power,battery,Heilongjiang,2035,0.005153,2473.524688,0.0,2473.524688,480000.0,0.0,1.0,data/existing_infrastructure/battery_capacity.csv: 2025,白皮书趋势外推（2030后约30%增量，供参考）
Battery storage power,battery,Henan,2035,0.036765,17647.058694,0.0,17647.058694,480000.0,0.0,1.0,data/existing_infrastructure/battery_capacity.csv: 2025,白皮书趋势外推（2030后约30%增量，供参考）
Battery storage power,battery,Hubei,2035,0.011538,5538.367018,0.0,5538.367018,480000.0,0.0,1.0,data/existing_infrastructure/battery_capacity.csv: 2025,白皮书趋势外推（2030后约30%增量，供参考）
Battery storage power,battery,Hunan,2035,0.039099,18767.706921,0.0,18767.706921,480000.0,0.0,1.0,data/existing_infrastructure/battery_capacity.csv: 2025,白皮书趋势外推（2030后约30%增量，供参考）
Battery storage power,battery,InnerMongolia,2035,0.148971,71505.881827,0.0,71505.881827,480000.0,0.0,1.0,data/existing_infrastructure/battery_capacity.csv: 2025,白皮书趋势外推（2030后约30%增量，供参考）
Battery storage power,battery,Jiangsu,2035,0.07753,37214.600903,0.0,37214.600903,480000.0,0.0,1.0,data/existing_infrastructure/battery_capacity.csv: 2025,白皮书趋势外推（2030后约30%增量，供参考）
Battery storage power,battery,Jiangxi,2035,0.012882,6183.229366,0.0,6183.229366,480000.0,0.0,1.0,data/existing_infrastructure/battery_capacity.csv: 2025,白皮书趋势外推（2030后约30%增量，供参考）
Battery storage power,battery,Jilin,2035,0.00498,2390.297629,0.0,2390.297629,480000.0,0.0,1.0,data/existing_infrastructure/battery_capacity.csv: 2025,白皮书趋势外推（2030后约30%增量，供参考）
Battery storage power,battery,Liaoning,2035,0.007222,3466.425857,0.0,3466.425857,480000.0,0.0,1.0,data/existing_infrastructure/battery_capacity.csv: 2025,白皮书趋势外推（2030后约30%增量，供参考）
Battery storage power,battery,Ningxia,2035,0.064564,30990.779772,0.0,30990.779772,480000.0,0.0,1.0,data/existing_infrastructure/battery_capacity.csv: 2025,白皮书趋势外推（2030后约30%增量，供参考）
Battery storage power,battery,Qinghai,2035,0.032516,15607.676356,0.0,15607.676356,480000.0,0.0,1.0,data/existing_infrastructure/battery_capacity.csv: 2025,白皮书趋势外推（2030后约30%增量，供参考）
Battery storage power,battery,Shaanxi,2035,0.018508,8883.734052,0.0,8883.734052,480000.0,0.0,1.0,data/existing_infrastructure/battery_capacity.csv: 2025,白皮书趋势外推（2030后约30%增量，供参考）
Battery storage power,battery,Shandong,2035,0.082426,39564.705591,0.0,39564.705591,480000.0,0.0,1.0,data/existing_infrastructure/battery_capacity.csv: 2025,白皮书趋势外推（2030后约30%增量，供参考）
Battery storage power,battery,Shanghai,2035,0.001656,795.017641,0.0,795.017641,480000.0,0.0,1.0,data/existing_infrastructure/battery_capacity.csv: 2025,白皮书趋势外推（2030后约30%增量，供参考）
Battery storage power,battery,Shanxi,2035,0.027586,13241.445785,0.0,13241.445785,480000.0,0.0,1.0,data/existing_infrastructure/battery_capacity.csv: 2025,白皮书趋势外推（2030后约30%增量，供参考）
Battery storage power,battery,Sichuan,2035,0.005637,2705.742333,0.0,2705.742333,480000.0,0.0,1.0,data/existing_infrastructure/battery_capacity.csv: 2025,白皮书趋势外推（2030后约30%增量，供参考）
Battery storage power,battery,Tianjin,2035,0.002408,1155.864697,0.0,1155.864697,480000.0,0.0,1.0,data/existing_infrastructure/battery_capacity.csv: 2025,白皮书趋势外推（2030后约30%增量，供参考）
Battery storage power,battery,Tibet,2035,0.001455,698.407054,0.0,698.407054,480000.0,0.0,1.0,data/existing_infrastructure/battery_capacity.csv: 2025,白皮书趋势外推（2030后约30%增量，供参考）
Battery storage power,battery,Xinjiang,2035,0.138235,66352.940689,0.0,66352.940689,480000.0,0.0,1.0,data/existing_infrastructure/battery_capacity.csv: 2025,白皮书趋势外推（2030后约30%增量，供参考）
Battery storage power,battery,Yunnan,2035,0.036765,17647.058694,0.0,17647.058694,480000.0,0.0,1.0,data/existing_infrastructure/battery_capacity.csv: 2025,白皮书趋势外推（2030后约30%增量，供参考）
Battery storage power,battery,Zhejiang,2035,0.038097,18286.485748,0.0,18286.485748,480000.0,0.0,1.0,data/existing_infrastructure/battery_capacity.csv: 2025,白皮书趋势外推（2030后约30%增量，供参考）
Battery storage power,battery,Anhui,2040,0.025064,15038.227831,0.0,15038.227831,600000.0,0.0,1.0,data/existing_infrastructure/battery_capacity.csv: 2025,白皮书趋势外推（供参考）
Battery storage power,battery,Beijing,2040,0.00066,395.766174,0.0,395.766174,600000.0,0.0,1.0,data/existing_infrastructure/battery_capacity.csv: 2025,白皮书趋势外推（供参考）
Battery storage power,battery,Chongqing,2040,0.001453,871.552935,0.0,871.552935,600000.0,0.0,1.0,data/existing_infrastructure/battery_capacity.csv: 2025,白皮书趋势外推（供参考）
Battery storage power,battery,Fujian,2040,0.005485,3291.242623,0.0,3291.242623,600000.0,0.0,1.0,data/existing_infrastructure/battery_capacity.csv: 2025,白皮书趋势外推（供参考）
Battery storage power,battery,Gansu,2040,0.046619,27971.104206,0.0,27971.104206,600000.0,0.0,1.0,data/existing_infrastructure/battery_capacity.csv: 2025,白皮书趋势外推（供参考）
Battery storage power,battery,Guangdong,2040,0.053803,32282.064469,0.0,32282.064469,600000.0,0.0,1.0,data/existing_infrastructure/battery_capacity.csv: 2025,白皮书趋势外推（供参考）
Battery storage power,battery,Guangxi,2040,0.007324,4394.144085,0.0,4394.144085,600000.0,0.0,1.0,data/existing_infrastructure/battery_capacity.csv: 2025,白皮书趋势外推（供参考）
Battery storage power,battery,Guizhou,2040,0.015101,9060.374933,0.0,9060.374933,600000.0,0.0,1.0,data/existing_infrastructure/battery_capacity.csv: 2025,白皮书趋势外推（供参考）
Battery storage power,battery,Hainan,2040,0.001541,924.661758,0.0,924.661758,600000.0,0.0,1.0,data/existing_infrastructure/battery_capacity.csv: 2025,白皮书趋势外推（供参考）
Battery storage power,battery,Hebei,2040,0.048958,29374.671843,0.0,29374.671843,600000.0,0.0,1.0,data/existing_infrastructure/battery_capacity.csv: 2025,白皮书趋势外推（供参考）
Battery storage power,battery,Heilongjiang,2040,0.005153,3091.90586,0.0,3091.90586,600000.0,0.0,1.0,data/existing_infrastructure/battery_capacity.csv: 2025,白皮书趋势外推（供参考）
Battery storage power,battery,Henan,2040,0.036765,22058.823367,0.0,22058.823367,600000.0,0.0,1.0,data/existing_infrastructure/battery_capacity.csv: 2025,白皮书趋势外推（供参考）
Battery storage power,battery,Hubei,2040,0.011538,6922.958773,0.0,6922.958773,600000.0,0.0,1.0,data/existing_infrastructure/battery_capacity.csv: 2025,白皮书趋势外推（供参考）
Battery storage power,battery,Hunan,2040,0.039099,23459.633651,0.0,23459.633651,600000.0,0.0,1.0,data/existing_infrastructure/battery_capacity.csv: 2025,白皮书趋势外推（供参考）
Battery storage power,battery,InnerMongolia,2040,0.148971,89382.352284,0.0,89382.352284,600000.0,0.0,1.0,data/existing_infrastructure/battery_capacity.csv: 2025,白皮书趋势外推（供参考）
Battery storage power,battery,Jiangsu,2040,0.07753,46518.251129,0.0,46518.251129,600000.0,0.0,1.0,data/existing_infrastructure/battery_capacity.csv: 2025,白皮书趋势外推（供参考）
Battery storage power,battery,Jiangxi,2040,0.012882,7729.036708,0.0,7729.036708,600000.0,0.0,1.0,data/existing_infrastructure/battery_capacity.csv: 2025,白皮书趋势外推（供参考）
Battery storage power,battery,Jilin,2040,0.00498,2987.872037,0.0,2987.872037,600000.0,0.0,1.0,data/existing_infrastructure/battery_capacity.csv: 2025,白皮书趋势外推（供参考）
Battery storage power,battery,Liaoning,2040,0.007222,4333.032321,0.0,4333.032321,600000.0,0.0,1.0,data/existing_infrastructure/battery_capacity.csv: 2025,白皮书趋势外推（供参考）
Battery storage power,battery,Ningxia,2040,0.064564,38738.474715,0.0,38738.474715,600000.0,0.0,1.0,data/existing_infrastructure/battery_capacity.csv: 2025,白皮书趋势外推（供参考）
Battery storage power,battery,Qinghai,2040,0.032516,19509.595445,0.0,19509.595445,600000.0,0.0,1.0,data/existing_infrastructure/battery_capacity.csv: 2025,白皮书趋势外推（供参考）
Battery storage power,battery,Shaanxi,2040,0.018508,11104.667565,0.0,11104.667565,600000.0,0.0,1.0,data/existing_infrastructure/battery_capacity.csv: 2025,白皮书趋势外推（供参考）
Battery storage power,battery,Shandong,2040,0.082426,49455.881989,0.0,49455.881989,600000.0,0.0,1.0,data/existing_infrastructure/battery_capacity.csv: 2025,白皮书趋势外推（供参考）
Battery storage power,battery,Shanghai,2040,0.001656,993.772052,0.0,993.772052,600000.0,0.0,1.0,data/existing_infrastructure/battery_capacity.csv: 2025,白皮书趋势外推（供参考）
Battery storage power,battery,Shanxi,2040,0.027586,16551.807231,0.0,16551.807231,600000.0,0.0,1.0,data/existing_infrastructure/battery_capacity.csv: 2025,白皮书趋势外推（供参考）
Battery storage power,battery,Sichuan,2040,0.005637,3382.177916,0.0,3382.177916,600000.0,0.0,1.0,data/existing_infrastructure/battery_capacity.csv: 2025,白皮书趋势外推（供参考）
Battery storage power,battery,Tianjin,2040,0.002408,1444.830872,0.0,1444.830872,600000.0,0.0,1.0,data/existing_infrastructure/battery_capacity.csv: 2025,白皮书趋势外推（供参考）
Battery storage power,battery,Tibet,2040,0.001455,873.008817,0.0,873.008817,600000.0,0.0,1.0,data/existing_infrastructure/battery_capacity.csv: 2025,白皮书趋势外推（供参考）
Battery storage power,battery,Xinjiang,2040,0.138235,82941.175861,0.0,82941.175861,600000.0,0.0,1.0,data/existing_infrastructure/battery_capacity.csv: 2025,白皮书趋势外推（供参考）
Battery storage power,battery,Yunnan,2040,0.036765,22058.823367,0.0,22058.823367,600000.0,0.0,1.0,data/existing_infrastructure/battery_capacity.csv: 2025,白皮书趋势外推（供参考）
Battery storage power,battery,Zhejiang,2040,0.038097,22858.107185,0.0,22858.107185,600000.0,0.0,1.0,data/existing_infrastructure/battery_capacity.csv: 2025,白皮书趋势外推（供参考）
Battery storage power,battery,Anhui,2045,0.025064,18045.873397,0.0,18045.873397,720000.0,0.0,1.0,data/existing_infrastructure/battery_capacity.csv: 2025,白皮书趋势外推（供参考）
Battery storage power,battery,Beijing,2045,0.00066,474.919408,0.0,474.919408,720000.0,0.0,1.0,data/existing_infrastructure/battery_capacity.csv: 2025,白皮书趋势外推（供参考）
Battery storage power,battery,Chongqing,2045,0.001453,1045.863522,0.0,1045.863522,720000.0,0.0,1.0,data/existing_infrastructure/battery_capacity.csv: 2025,白皮书趋势外推（供参考）
Battery storage power,battery,Fujian,2045,0.005485,3949.491147,0.0,3949.491147,720000.0,0.0,1.0,data/existing_infrastructure/battery_capacity.csv: 2025,白皮书趋势外推（供参考）
Battery storage power,battery,Gansu,2045,0.046619,33565.325047,0.0,33565.325047,720000.0,0.0,1.0,data/existing_infrastructure/battery_capacity.csv: 2025,白皮书趋势外推（供参考）
Battery storage power,battery,Guangdong,2045,0.053803,38738.477362,0.0,38738.477362,720000.0,0.0,1.0,data/existing_infrastructure/battery_capacity.csv: 2025,白皮书趋势外推（供参考）
Battery storage power,battery,Guangxi,2045,0.007324,5272.972902,0.0,5272.972902,720000.0,0.0,1.0,data/existing_infrastructure/battery_capacity.csv: 2025,白皮书趋势外推（供参考）
Battery storage power,battery,Guizhou,2045,0.015101,10872.44992,0.0,10872.44992,720000.0,0.0,1.0,data/existing_infrastructure/battery_capacity.csv: 2025,白皮书趋势外推（供参考）
Battery storage power,battery,Hainan,2045,0.001541,1109.594109,0.0,1109.594109,720000.0,0.0,1.0,data/existing_infrastructure/battery_capacity.csv: 2025,白皮书趋势外推（供参考）
Battery storage power,battery,Hebei,2045,0.048958,35249.606211,0.0,35249.606211,720000.0,0.0,1.0,data/existing_infrastructure/battery_capacity.csv: 2025,白皮书趋势外推（供参考）
Battery storage power,battery,Heilongjiang,2045,0.005153,3710.287032,0.0,3710.287032,720000.0,0.0,1.0,data/existing_infrastructure/battery_capacity.csv: 2025,白皮书趋势外推（供参考）
Battery storage power,battery,Henan,2045,0.036765,26470.588041,0.0,26470.588041,720000.0,0.0,1.0,data/existing_infrastructure/battery_capacity.csv: 2025,白皮书趋势外推（供参考）
Battery storage power,battery,Hubei,2045,0.011538,8307.550527,0.0,8307.550527,720000.0,0.0,1.0,data/existing_infrastructure/battery_capacity.csv: 2025,白皮书趋势外推（供参考）
Battery storage power,battery,Hunan,2045,0.039099,28151.560381,0.0,28151.560381,720000.0,0.0,1.0,data/existing_infrastructure/battery_capacity.csv: 2025,白皮书趋势外推（供参考）
Battery storage power,battery,InnerMongolia,2045,0.148971,107258.822741,0.0,107258.822741,720000.0,0.0,1.0,data/existing_infrastructure/battery_capacity.csv: 2025,白皮书趋势外推（供参考）
Battery storage power,battery,Jiangsu,2045,0.07753,55821.901354,0.0,55821.901354,720000.0,0.0,1.0,data/existing_infrastructure/battery_capacity.csv: 2025,白皮书趋势外推（供参考）
Battery storage power,battery,Jiangxi,2045,0.012882,9274.844049,0.0,9274.844049,720000.0,0.0,1.0,data/existing_infrastructure/battery_capacity.csv: 2025,白皮书趋势外推（供参考）
Battery storage power,battery,Jilin,2045,0.00498,3585.446444,0.0,3585.446444,720000.0,0.0,1.0,data/existing_infrastructure/battery_capacity.csv: 2025,白皮书趋势外推（供参考）
Battery storage power,battery,Liaoning,2045,0.007222,5199.638785,0.0,5199.638785,720000.0,0.0,1.0,data/existing_infrastructure/battery_capacity.csv: 2025,白皮书趋势外推（供参考）
Battery storage power,battery,Ningxia,2045,0.064564,46486.169658,0.0,46486.169658,720000.0,0.0,1.0,data/existing_infrastructure/battery_capacity.csv: 2025,白皮书趋势外推（供参考）
Battery storage power,battery,Qinghai,2045,0.032516,23411.514534,0.0,23411.514534,720000.0,0.0,1.0,data/existing_infrastructure/battery_capacity.csv: 2025,白皮书趋势外推（供参考）
Battery storage power,battery,Shaanxi,2045,0.018508,13325.601078,0.0,13325.601078,720000.0,0.0,1.0,data/existing_infrastructure/battery_capacity.csv: 2025,白皮书趋势外推（供参考）
Battery storage power,battery,Shandong,2045,0.082426,59347.058387,0.0,59347.058387,720000.0,0.0,1.0,data/existing_infrastructure/battery_capacity.csv: 2025,白皮书趋势外推（供参考）
Battery storage power,battery,Shanghai,2045,0.001656,1192.526462,0.0,1192.526462,720000.0,0.0,1.0,data/existing_infrastructure/battery_capacity.csv: 2025,白皮书趋势外推（供参考）
Battery storage power,battery,Shanxi,2045,0.027586,19862.168677,0.0,19862.168677,720000.0,0.0,1.0,data/existing_infrastructure/battery_capacity.csv: 2025,白皮书趋势外推（供参考）
Battery storage power,battery,Sichuan,2045,0.005637,4058.6135,0.0,4058.6135,720000.0,0.0,1.0,data/existing_infrastructure/battery_capacity.csv: 2025,白皮书趋势外推（供参考）
Battery storage power,battery,Tianjin,2045,0.002408,1733.797046,0.0,1733.797046,720000.0,0.0,1.0,data/existing_infrastructure/battery_capacity.csv: 2025,白皮书趋势外推（供参考）
Battery storage power,battery,Tibet,2045,0.001455,1047.610581,0.0,1047.610581,720000.0,0.0,1.0,data/existing_infrastructure/battery_capacity.csv: 2025,白皮书趋势外推（供参考）
Battery storage power,battery,Xinjiang,2045,0.138235,99529.411033,0.0,99529.411033,720000.0,0.0,1.0,data/existing_infrastructure/battery_capacity.csv: 2025,白皮书趋势外推（供参考）
Battery storage power,battery,Yunnan,2045,0.036765,26470.588041,0.0,26470.588041,720000.0,0.0,1.0,data/existing_infrastructure/battery_capacity.csv: 2025,白皮书趋势外推（供参考）
Battery storage power,battery,Zhejiang,2045,0.038097,27429.728622,0.0,27429.728622,720000.0,0.0,1.0,data/existing_infrastructure/battery_capacity.csv: 2025,白皮书趋势外推（供参考）
Battery storage power,battery,Anhui,2050,0.025064,21304.156093,0.0,21304.156093,850000.0,0.0,1.0,data/existing_infrastructure/battery_capacity.csv: 2025,白皮书趋势外推（供参考）
Battery storage power,battery,Beijing,2050,0.00066,560.668746,0.0,560.668746,850000.0,0.0,1.0,data/existing_infrastructure/battery_capacity.csv: 2025,白皮书趋势外推（供参考）
Battery storage power,battery,Chongqing,2050,0.001453,1234.699991,0.0,1234.699991,850000.0,0.0,1.0,data/existing_infrastructure/battery_capacity.csv: 2025,白皮书趋势外推（供参考）
Battery storage power,battery,Fujian,2050,0.005485,4662.593716,0.0,4662.593716,850000.0,0.0,1.0,data/existing_infrastructure/battery_capacity.csv: 2025,白皮书趋势外推（供参考）
Battery storage power,battery,Gansu,2050,0.046619,39625.730959,0.0,39625.730959,850000.0,0.0,1.0,data/existing_infrastructure/battery_capacity.csv: 2025,白皮书趋势外推（供参考）
Battery storage power,battery,Guangdong,2050,0.053803,45732.924664,0.0,45732.924664,850000.0,0.0,1.0,data/existing_infrastructure/battery_capacity.csv: 2025,白皮书趋势外推（供参考）
Battery storage power,battery,Guangxi,2050,0.007324,6225.037454,0.0,6225.037454,850000.0,0.0,1.0,data/existing_infrastructure/battery_capacity.csv: 2025,白皮书趋势外推（供参考）
Battery storage power,battery,Guizhou,2050,0.015101,12835.531156,0.0,12835.531156,850000.0,0.0,1.0,data/existing_infrastructure/battery_capacity.csv: 2025,白皮书趋势外推（供参考）
Battery storage power,battery,Hainan,2050,0.001541,1309.93749,0.0,1309.93749,850000.0,0.0,1.0,data/existing_infrastructure/battery_capacity.csv: 2025,白皮书趋势外推（供参考）
Battery storage power,battery,Hebei,2050,0.048958,41614.118444,0.0,41614.118444,850000.0,0.0,1.0,data/existing_infrastructure/battery_capacity.csv: 2025,白皮书趋势外推（供参考）
Battery storage power,battery,Heilongjiang,2050,0.005153,4380.199968,0.0,4380.199968,850000.0,0.0,1.0,data/existing_infrastructure/battery_capacity.csv: 2025,白皮书趋势外推（供参考）
Battery storage power,battery,Henan,2050,0.036765,31249.99977,0.0,31249.99977,850000.0,0.0,1.0,data/existing_infrastructure/battery_capacity.csv: 2025,白皮书趋势外推（供参考）
Battery storage power,battery,Hubei,2050,0.011538,9807.524928,0.0,9807.524928,850000.0,0.0,1.0,data/existing_infrastructure/battery_capacity.csv: 2025,白皮书趋势外推（供参考）
Battery storage power,battery,Hunan,2050,0.039099,33234.481006,0.0,33234.481006,850000.0,0.0,1.0,data/existing_infrastructure/battery_capacity.csv: 2025,白皮书趋势外推（供参考）
Battery storage power,battery,InnerMongolia,2050,0.148971,126624.999069,0.0,126624.999069,850000.0,0.0,1.0,data/existing_infrastructure/battery_capacity.csv: 2025,白皮书趋势外推（供参考）
Battery storage power,battery,Jiangsu,2050,0.07753,65900.855765,0.0,65900.855765,850000.0,0.0,1.0,data/existing_infrastructure/battery_capacity.csv: 2025,白皮书趋势外推（供参考）
Battery storage power,battery,Jiangxi,2050,0.012882,10949.468669,0.0,10949.468669,850000.0,0.0,1.0,data/existing_infrastructure/battery_capacity.csv: 2025,白皮书趋势外推（供参考）
Battery storage power,battery,Jilin,2050,0.00498,4232.818719,0.0,4232.818719,850000.0,0.0,1.0,data/existing_infrastructure/battery_capacity.csv: 2025,白皮书趋势外推（供参考）
Battery storage power,battery,Liaoning,2050,0.007222,6138.462455,0.0,6138.462455,850000.0,0.0,1.0,data/existing_infrastructure/battery_capacity.csv: 2025,白皮书趋势外推（供参考）
Battery storage power,battery,Ningxia,2050,0.064564,54879.505846,0.0,54879.505846,850000.0,0.0,1.0,data/existing_infrastructure/battery_capacity.csv: 2025,白皮书趋势外推（供参考）
Battery storage power,battery,Qinghai,2050,0.032516,27638.593547,0.0,27638.593547,850000.0,0.0,1.0,data/existing_infrastructure/battery_capacity.csv: 2025,白皮书趋势外推（供参考）
Battery storage power,battery,Shaanxi,2050,0.018508,15731.612384,0.0,15731.612384,850000.0,0.0,1.0,data/existing_infrastructure/battery_capacity.csv: 2025,白皮书趋势外推（供参考）
Battery storage power,battery,Shandong,2050,0.082426,70062.499485,0.0,70062.499485,850000.0,0.0,1.0,data/existing_infrastructure/battery_capacity.csv: 2025,白皮书趋势外推（供参考）
Battery storage power,battery,Shanghai,2050,0.001656,1407.84374,0.0,1407.84374,850000.0,0.0,1.0,data/existing_infrastructure/battery_capacity.csv: 2025,白皮书趋势外推（供参考）
Battery storage power,battery,Shanxi,2050,0.027586,23448.393578,0.0,23448.393578,850000.0,0.0,1.0,data/existing_infrastructure/battery_capacity.csv: 2025,白皮书趋势外推（供参考）
Battery storage power,battery,Sichuan,2050,0.005637,4791.418715,0.0,4791.418715,850000.0,0.0,1.0,data/existing_infrastructure/battery_capacity.csv: 2025,白皮书趋势外推（供参考）
Battery storage power,battery,Tianjin,2050,0.002408,2046.843735,0.0,2046.843735,850000.0,0.0,1.0,data/existing_infrastructure/battery_capacity.csv: 2025,白皮书趋势外推（供参考）
Battery storage power,battery,Tibet,2050,0.001455,1236.762491,0.0,1236.762491,850000.0,0.0,1.0,data/existing_infrastructure/battery_capacity.csv: 2025,白皮书趋势外推（供参考）
Battery storage power,battery,Xinjiang,2050,0.138235,117499.999136,0.0,117499.999136,850000.0,0.0,1.0,data/existing_infrastructure/battery_capacity.csv: 2025,白皮书趋势外推（供参考）
Battery storage power,battery,Yunnan,2050,0.036765,31249.99977,0.0,31249.99977,850000.0,0.0,1.0,data/existing_infrastructure/battery_capacity.csv: 2025,白皮书趋势外推（供参考）
Battery storage power,battery,Zhejiang,2050,0.038097,32382.318512,0.0,32382.318512,850000.0,0.0,1.0,data/existing_infrastructure/battery_capacity.csv: 2025,白皮书趋势外推（供参考）
Battery storage power,battery,Anhui,2055,0.025064,23810.527398,0.0,23810.527398,950000.0,0.0,1.0,data/existing_infrastructure/battery_capacity.csv: 2025,白皮书趋势外推（供参考）
Battery storage power,battery,Beijing,2055,0.00066,626.629775,0.0,626.629775,950000.0,0.0,1.0,data/existing_infrastructure/battery_capacity.csv: 2025,白皮书趋势外推（供参考）
Battery storage power,battery,Chongqing,2055,0.001453,1379.958813,0.0,1379.958813,950000.0,0.0,1.0,data/existing_infrastructure/battery_capacity.csv: 2025,白皮书趋势外推（供参考）
Battery storage power,battery,Fujian,2055,0.005485,5211.134153,0.0,5211.134153,950000.0,0.0,1.0,data/existing_infrastructure/battery_capacity.csv: 2025,白皮书趋势外推（供参考）
Battery storage power,battery,Gansu,2055,0.046619,44287.58166,0.0,44287.58166,950000.0,0.0,1.0,data/existing_infrastructure/battery_capacity.csv: 2025,白皮书趋势外推（供参考）
Battery storage power,battery,Guangdong,2055,0.053803,51113.268742,0.0,51113.268742,950000.0,0.0,1.0,data/existing_infrastructure/battery_capacity.csv: 2025,白皮书趋势外推（供参考）
Battery storage power,battery,Guangxi,2055,0.007324,6957.394802,0.0,6957.394802,950000.0,0.0,1.0,data/existing_infrastructure/battery_capacity.csv: 2025,白皮书趋势外推（供参考）
Battery storage power,battery,Guizhou,2055,0.015101,14345.593645,0.0,14345.593645,950000.0,0.0,1.0,data/existing_infrastructure/battery_capacity.csv: 2025,白皮书趋势外推（供参考）
Battery storage power,battery,Hainan,2055,0.001541,1464.047783,0.0,1464.047783,950000.0,0.0,1.0,data/existing_infrastructure/battery_capacity.csv: 2025,白皮书趋势外推（供参考）
Battery storage power,battery,Hebei,2055,0.048958,46509.897084,0.0,46509.897084,950000.0,0.0,1.0,data/existing_infrastructure/battery_capacity.csv: 2025,白皮书趋势外推（供参考）
Battery storage power,battery,Heilongjiang,2055,0.005153,4895.517611,0.0,4895.517611,950000.0,0.0,1.0,data/existing_infrastructure/battery_capacity.csv: 2025,白皮书趋势外推（供参考）
Battery storage power,battery,Henan,2055,0.036765,34926.470331,0.0,34926.470331,950000.0,0.0,1.0,data/existing_infrastructure/battery_capacity.csv: 2025,白皮书趋势外推（供参考）
Battery storage power,battery,Hubei,2055,0.011538,10961.35139,0.0,10961.35139,950000.0,0.0,1.0,data/existing_infrastructure/battery_capacity.csv: 2025,白皮书趋势外推（供参考）
Battery storage power,battery,Hunan,2055,0.039099,37144.419947,0.0,37144.419947,950000.0,0.0,1.0,data/existing_infrastructure/battery_capacity.csv: 2025,白皮书趋势外推（供参考）
Battery storage power,battery,InnerMongolia,2055,0.148971,141522.057783,0.0,141522.057783,950000.0,0.0,1.0,data/existing_infrastructure/battery_capacity.csv: 2025,白皮书趋势外推（供参考）
Battery storage power,battery,Jiangsu,2055,0.07753,73653.89762,0.0,73653.89762,950000.0,0.0,1.0,data/existing_infrastructure/battery_capacity.csv: 2025,白皮书趋势外推（供参考）
Battery storage power,battery,Jiangxi,2055,0.012882,12237.641454,0.0,12237.641454,950000.0,0.0,1.0,data/existing_infrastructure/battery_capacity.csv: 2025,白皮书趋势外推（供参考）
Battery storage power,battery,Jilin,2055,0.00498,4730.797392,0.0,4730.797392,950000.0,0.0,1.0,data/existing_infrastructure/battery_capacity.csv: 2025,白皮书趋势外推（供参考）
Battery storage power,battery,Liaoning,2055,0.007222,6860.634508,0.0,6860.634508,950000.0,0.0,1.0,data/existing_infrastructure/battery_capacity.csv: 2025,白皮书趋势外推（供参考）
Battery storage power,battery,Ningxia,2055,0.064564,61335.918299,0.0,61335.918299,950000.0,0.0,1.0,data/existing_infrastructure/battery_capacity.csv: 2025,白皮书趋势外推（供参考）
Battery storage power,battery,Qinghai,2055,0.032516,30890.192788,0.0,30890.192788,950000.0,0.0,1.0,data/existing_infrastructure/battery_capacity.csv: 2025,白皮书趋势外推（供参考）
Battery storage power,battery,Shaanxi,2055,0.018508,17582.390312,0.0,17582.390312,950000.0,0.0,1.0,data/existing_infrastructure/battery_capacity.csv: 2025,白皮书趋势外推（供参考）
Battery storage power,battery,Shandong,2055,0.082426,78305.146483,0.0,78305.146483,950000.0,0.0,1.0,data/existing_infrastructure/battery_capacity.csv: 2025,白皮书趋势外推（供参考）
Battery storage power,battery,Shanghai,2055,0.001656,1573.472415,0.0,1573.472415,950000.0,0.0,1.0,data/existing_infrastructure/battery_capacity.csv: 2025,白皮书趋势外推（供参考）
Battery storage power,battery,Shanxi,2055,0.027586,26207.028116,0.0,26207.028116,950000.0,0.0,1.0,data/existing_infrastructure/battery_capacity.csv: 2025,白皮书趋势外推（供参考）
Battery storage power,battery,Sichuan,2055,0.005637,5355.115034,0.0,5355.115034,950000.0,0.0,1.0,data/existing_infrastructure/battery_capacity.csv: 2025,白皮书趋势外推（供参考）
Battery storage power,battery,Tianjin,2055,0.002408,2287.64888,0.0,2287.64888,950000.0,0.0,1.0,data/existing_infrastructure/battery_capacity.csv: 2025,白皮书趋势外推（供参考）
Battery storage power,battery,Tibet,2055,0.001455,1382.26396,0.0,1382.26396,950000.0,0.0,1.0,data/existing_infrastructure/battery_capacity.csv: 2025,白皮书趋势外推（供参考）
Battery storage power,battery,Xinjiang,2055,0.138235,131323.528446,0.0,131323.528446,950000.0,0.0,1.0,data/existing_infrastructure/battery_capacity.csv: 2025,白皮书趋势外推（供参考）
Battery storage power,battery,Yunnan,2055,0.036765,34926.470331,0.0,34926.470331,950000.0,0.0,1.0,data/existing_infrastructure/battery_capacity.csv: 2025,白皮书趋势外推（供参考）
Battery storage power,battery,Zhejiang,2055,0.038097,36192.003043,0.0,36192.003043,950000.0,0.0,1.0,data/existing_infrastructure/battery_capacity.csv: 2025,白皮书趋势外推（供参考）
Battery storage power,battery,Anhui,2060,0.025064,25063.71305142857,0.0,25063.71305142857,1000000.0,0.0,1.0,data/existing_infrastructure/battery_capacity.csv: 2025,白皮书趋势外推（供参考）
Battery storage power,battery,Beijing,2060,0.00066,659.6102895238096,0.0,659.6102895238096,1000000.0,0.0,1.0,data/existing_infrastructure/battery_capacity.csv: 2025,白皮书趋势外推（供参考）
Battery storage power,battery,Chongqing,2060,0.001453,1452.5882247619043,0.0,1452.5882247619043,1000000.0,0.0,1.0,data/existing_infrastructure/battery_capacity.csv: 2025,白皮书趋势外推（供参考）
Battery storage power,battery,Fujian,2060,0.005485,5485.40437142857,0.0,5485.40437142857,1000000.0,0.0,1.0,data/existing_infrastructure/battery_capacity.csv: 2025,白皮书趋势外推（供参考）
Battery storage power,battery,Gansu,2060,0.046619,46618.50701047619,0.0,46618.50701047619,1000000.0,0.0,1.0,data/existing_infrastructure/battery_capacity.csv: 2025,白皮书趋势外推（供参考）
Battery storage power,battery,Guangdong,2060,0.053803,53803.44078095238,0.0,53803.44078095238,1000000.0,0.0,1.0,data/existing_infrastructure/battery_capacity.csv: 2025,白皮书趋势外推（供参考）
Battery storage power,battery,Guangxi,2060,0.007324,7323.573475238094,0.0,7323.573475238094,1000000.0,0.0,1.0,data/existing_infrastructure/battery_capacity.csv: 2025,白皮书趋势外推（供参考）
Battery storage power,battery,Guizhou,2060,0.015101,15100.624888571427,0.0,15100.624888571427,1000000.0,0.0,1.0,data/existing_infrastructure/battery_capacity.csv: 2025,白皮书趋势外推（供参考）
Battery storage power,battery,Hainan,2060,0.001541,1541.1029295238093,0.0,1541.1029295238093,1000000.0,0.0,1.0,data/existing_infrastructure/battery_capacity.csv: 2025,白皮书趋势外推（供参考）
Battery storage power,battery,Hebei,2060,0.048958,48957.78640476189,0.0,48957.78640476189,1000000.0,0.0,1.0,data/existing_infrastructure/battery_capacity.csv: 2025,白皮书趋势外推（供参考）
Battery storage power,battery,Heilongjiang,2060,0.005153,5153.176432380952,0.0,5153.176432380952,1000000.0,0.0,1.0,data/existing_infrastructure/battery_capacity.csv: 2025,白皮书趋势外推（供参考）
Battery storage power,battery,Henan,2060,0.036765,36764.70561238095,0.0,36764.70561238095,1000000.0,0.0,1.0,data/existing_infrastructure/battery_capacity.csv: 2025,白皮书趋势外推（供参考）
Battery storage power,battery,Hubei,2060,0.011538,11538.264620952377,0.0,11538.264620952377,1000000.0,0.0,1.0,data/existing_infrastructure/battery_capacity.csv: 2025,白皮书趋势外推（供参考）
Battery storage power,battery,Hunan,2060,0.039099,39099.38941809524,0.0,39099.38941809524,1000000.0,0.0,1.0,data/existing_infrastructure/battery_capacity.csv: 2025,白皮书趋势外推（供参考）
Battery storage power,battery,InnerMongolia,2060,0.148971,148970.58714,0.0,148970.58714,1000000.0,0.0,1.0,data/existing_infrastructure/battery_capacity.csv: 2025,白皮书趋势外推（供参考）
Battery storage power,battery,Jiangsu,2060,0.07753,77530.41854761903,0.0,77530.41854761903,1000000.0,0.0,1.0,data/existing_infrastructure/battery_capacity.csv: 2025,白皮书趋势外推（供参考）
Battery storage power,battery,Jiangxi,2060,0.012882,12881.727846666663,0.0,12881.727846666663,1000000.0,0.0,1.0,data/existing_infrastructure/battery_capacity.csv: 2025,白皮书趋势外推（供参考）
Battery storage power,battery,Jilin,2060,0.00498,4979.786727619047,0.0,4979.786727619047,1000000.0,0.0,1.0,data/existing_infrastructure/battery_capacity.csv: 2025,白皮书趋势外推（供参考）
Battery storage power,battery,Liaoning,2060,0.007222,7221.720535238093,0.0,7221.720535238093,1000000.0,0.0,1.0,data/existing_infrastructure/battery_capacity.csv: 2025,白皮书趋势外推（供参考）
Battery storage power,battery,Ningxia,2060,0.064564,64564.12452571427,0.0,64564.12452571427,1000000.0,0.0,1.0,data/existing_infrastructure/battery_capacity.csv: 2025,白皮书趋势外推（供参考）
Battery storage power,battery,Qinghai,2060,0.032516,32515.99240761905,0.0,32515.99240761905,1000000.0,0.0,1.0,data/existing_infrastructure/battery_capacity.csv: 2025,白皮书趋势外推（供参考）
Battery storage power,battery,Shaanxi,2060,0.018508,18507.779275238085,0.0,18507.779275238085,1000000.0,0.0,1.0,data/existing_infrastructure/battery_capacity.csv: 2025,白皮书趋势外推（供参考）
Battery storage power,battery,Shandong,2060,0.082426,82426.46998190474,0.0,82426.46998190474,1000000.0,0.0,1.0,data/existing_infrastructure/battery_capacity.csv: 2025,白皮书趋势外推（供参考）
Battery storage power,battery,Shanghai,2060,0.001656,1656.2867523809523,0.0,1656.2867523809523,1000000.0,0.0,1.0,data/existing_infrastructure/battery_capacity.csv: 2025,白皮书趋势外推（供参考）
Battery storage power,battery,Shanxi,2060,0.027586,27586.34538571428,0.0,27586.34538571428,1000000.0,0.0,1.0,data/existing_infrastructure/battery_capacity.csv: 2025,白皮书趋势外推（供参考）
Battery storage power,battery,Sichuan,2060,0.005637,5636.963194285713,0.0,5636.963194285713,1000000.0,0.0,1.0,data/existing_infrastructure/battery_capacity.csv: 2025,白皮书趋势外推（供参考）
Battery storage power,battery,Tianjin,2060,0.002408,2408.0514533333326,0.0,2408.0514533333326,1000000.0,0.0,1.0,data/existing_infrastructure/battery_capacity.csv: 2025,白皮书趋势外推（供参考）
Battery storage power,battery,Tibet,2060,0.001455,1455.014695238095,0.0,1455.014695238095,1000000.0,0.0,1.0,data/existing_infrastructure/battery_capacity.csv: 2025,白皮书趋势外推（供参考）
Battery storage power,battery,Xinjiang,2060,0.138235,138235.29310095237,0.0,138235.29310095237,1000000.0,0.0,1.0,data/existing_infrastructure/battery_capacity.csv: 2025,白皮书趋势外推（供参考）
Battery storage power,battery,Yunnan,2060,0.036765,36764.70561238095,0.0,36764.70561238095,1000000.0,0.0,1.0,data/existing_infrastructure/battery_capacity.csv: 2025,白皮书趋势外推（供参考）
Battery storage power,battery,Zhejiang,2060,0.038097,38096.84530857142,0.0,38096.84530857142,1000000.0,0.0,1.0,data/existing_infrastructure/battery_capacity.csv: 2025,白皮书趋势外推（供参考）
Nuclear,nuclear,Anhui,2030,0.0,0.0,0.0,0.0,120000.0,0.0,1.0,data/existing_infrastructure/nuclear_capacity.csv: 2020+2025,mid_scenario_anchor_from_user
Nuclear,nuclear,Beijing,2030,0.0,0.0,0.0,0.0,120000.0,0.0,1.0,data/existing_infrastructure/nuclear_capacity.csv: 2020+2025,mid_scenario_anchor_from_user
Nuclear,nuclear,Chongqing,2030,0.0,0.0,0.0,0.0,120000.0,0.0,1.0,data/existing_infrastructure/nuclear_capacity.csv: 2020+2025,mid_scenario_anchor_from_user
Nuclear,nuclear,Fujian,2030,0.201914,24229.692543,0.0,24229.692543,120000.0,0.0,1.0,data/existing_infrastructure/nuclear_capacity.csv: 2020+2025,mid_scenario_anchor_from_user
Nuclear,nuclear,Gansu,2030,0.0,0.0,0.0,0.0,120000.0,0.0,1.0,data/existing_infrastructure/nuclear_capacity.csv: 2020+2025,mid_scenario_anchor_from_user
Nuclear,nuclear,Guangdong,2030,0.295277,35433.234693,0.0,35433.234693,120000.0,0.0,1.0,data/existing_infrastructure/nuclear_capacity.csv: 2020+2025,mid_scenario_anchor_from_user
Nuclear,nuclear,Guangxi,2030,0.039746,4769.52071,0.0,4769.52071,120000.0,0.0,1.0,data/existing_infrastructure/nuclear_capacity.csv: 2020+2025,mid_scenario_anchor_from_user
Nuclear,nuclear,Guizhou,2030,0.0,0.0,0.0,0.0,120000.0,0.0,1.0,data/existing_infrastructure/nuclear_capacity.csv: 2020+2025,mid_scenario_anchor_from_user
Nuclear,nuclear,Hainan,2030,0.023789,2854.68606,0.0,2854.68606,120000.0,0.0,1.0,data/existing_infrastructure/nuclear_capacity.csv: 2020+2025,mid_scenario_anchor_from_user
Nuclear,nuclear,Hebei,2030,0.0,0.0,0.0,0.0,120000.0,0.0,1.0,data/existing_infrastructure/nuclear_capacity.csv: 2020+2025,mid_scenario_anchor_from_user
Nuclear,nuclear,Heilongjiang,2030,0.0,0.0,0.0,0.0,120000.0,0.0,1.0,data/existing_infrastructure/nuclear_capacity.csv: 2020+2025,mid_scenario_anchor_from_user
Nuclear,nuclear,Henan,2030,0.0,0.0,0.0,0.0,120000.0,0.0,1.0,data/existing_infrastructure/nuclear_capacity.csv: 2020+2025,mid_scenario_anchor_from_user
Nuclear,nuclear,Hubei,2030,0.0,0.0,0.0,0.0,120000.0,0.0,1.0,data/existing_infrastructure/nuclear_capacity.csv: 2020+2025,mid_scenario_anchor_from_user
Nuclear,nuclear,Hunan,2030,0.0,0.0,0.0,0.0,120000.0,0.0,1.0,data/existing_infrastructure/nuclear_capacity.csv: 2020+2025,mid_scenario_anchor_from_user
Nuclear,nuclear,InnerMongolia,2030,0.0,0.0,0.0,0.0,120000.0,0.0,1.0,data/existing_infrastructure/nuclear_capacity.csv: 2020+2025,mid_scenario_anchor_from_user
Nuclear,nuclear,Jiangsu,2030,0.120922,14510.586216,0.0,14510.586216,120000.0,0.0,1.0,data/existing_infrastructure/nuclear_capacity.csv: 2020+2025,mid_scenario_anchor_from_user
Nuclear,nuclear,Jiangxi,2030,0.0,0.0,0.0,0.0,120000.0,0.0,1.0,data/existing_infrastructure/nuclear_capacity.csv: 2020+2025,mid_scenario_anchor_from_user
Nuclear,nuclear,Jilin,2030,0.0,0.0,0.0,0.0,120000.0,0.0,1.0,data/existing_infrastructure/nuclear_capacity.csv: 2020+2025,mid_scenario_anchor_from_user
Nuclear,nuclear,Liaoning,2030,0.102366,12283.931588,0.0,12283.931588,120000.0,0.0,1.0,data/existing_infrastructure/nuclear_capacity.csv: 2020+2025,mid_scenario_anchor_from_user
Nuclear,nuclear,Ningxia,2030,0.0,0.0,0.0,0.0,120000.0,0.0,1.0,data/existing_infrastructure/nuclear_capacity.csv: 2020+2025,mid_scenario_anchor_from_user
Nuclear,nuclear,Qinghai,2030,0.0,0.0,0.0,0.0,120000.0,0.0,1.0,data/existing_infrastructure/nuclear_capacity.csv: 2020+2025,mid_scenario_anchor_from_user
Nuclear,nuclear,Shaanxi,2030,0.0,0.0,0.0,0.0,120000.0,0.0,1.0,data/existing_infrastructure/nuclear_capacity.csv: 2020+2025,mid_scenario_anchor_from_user
Nuclear,nuclear,Shandong,2030,0.049719,5966.293259,0.0,5966.293259,120000.0,0.0,1.0,data/existing_infrastructure/nuclear_capacity.csv: 2020+2025,mid_scenario_anchor_from_user
Nuclear,nuclear,Shanghai,2030,0.0,0.0,0.0,0.0,120000.0,0.0,1.0,data/existing_infrastructure/nuclear_capacity.csv: 2020+2025,mid_scenario_anchor_from_user
Nuclear,nuclear,Shanxi,2030,0.0,0.0,0.0,0.0,120000.0,0.0,1.0,data/existing_infrastructure/nuclear_capacity.csv: 2020+2025,mid_scenario_anchor_from_user
Nuclear,nuclear,Sichuan,2030,0.0,0.0,0.0,0.0,120000.0,0.0,1.0,data/existing_infrastructure/nuclear_capacity.csv: 2020+2025,mid_scenario_anchor_from_user
Nuclear,nuclear,Tianjin,2030,0.0,0.0,0.0,0.0,120000.0,0.0,1.0,data/existing_infrastructure/nuclear_capacity.csv: 2020+2025,mid_scenario_anchor_from_user
Nuclear,nuclear,Tibet,2030,0.0,0.0,0.0,0.0,120000.0,0.0,1.0,data/existing_infrastructure/nuclear_capacity.csv: 2020+2025,mid_scenario_anchor_from_user
Nuclear,nuclear,Xinjiang,2030,0.0,0.0,0.0,0.0,120000.0,0.0,1.0,data/existing_infrastructure/nuclear_capacity.csv: 2020+2025,mid_scenario_anchor_from_user
Nuclear,nuclear,Yunnan,2030,0.0,0.0,0.0,0.0,120000.0,0.0,1.0,data/existing_infrastructure/nuclear_capacity.csv: 2020+2025,mid_scenario_anchor_from_user
Nuclear,nuclear,Zhejiang,2030,0.166267,19952.054932,0.0,19952.054932,120000.0,0.0,1.0,data/existing_infrastructure/nuclear_capacity.csv: 2020+2025,mid_scenario_anchor_from_user
Nuclear,nuclear,Anhui,2035,0.0,0.0,0.0,0.0,160000.0,0.0,1.0,data/existing_infrastructure/nuclear_capacity.csv: 2020+2025,mid_scenario_anchor_from_user
Nuclear,nuclear,Beijing,2035,0.0,0.0,0.0,0.0,160000.0,0.0,1.0,data/existing_infrastructure/nuclear_capacity.csv: 2020+2025,mid_scenario_anchor_from_user
Nuclear,nuclear,Chongqing,2035,0.0,0.0,0.0,0.0,160000.0,0.0,1.0,data/existing_infrastructure/nuclear_capacity.csv: 2020+2025,mid_scenario_anchor_from_user
Nuclear,nuclear,Fujian,2035,0.201914,32306.256723,0.0,32306.256723,160000.0,0.0,1.0,data/existing_infrastructure/nuclear_capacity.csv: 2020+2025,mid_scenario_anchor_from_user
Nuclear,nuclear,Gansu,2035,0.0,0.0,0.0,0.0,160000.0,0.0,1.0,data/existing_infrastructure/nuclear_capacity.csv: 2020+2025,mid_scenario_anchor_from_user
Nuclear,nuclear,Guangdong,2035,0.295277,47244.312924,0.0,47244.312924,160000.0,0.0,1.0,data/existing_infrastructure/nuclear_capacity.csv: 2020+2025,mid_scenario_anchor_from_user
Nuclear,nuclear,Guangxi,2035,0.039746,6359.360947,0.0,6359.360947,160000.0,0.0,1.0,data/existing_infrastructure/nuclear_capacity.csv: 2020+2025,mid_scenario_anchor_from_user
Nuclear,nuclear,Guizhou,2035,0.0,0.0,0.0,0.0,160000.0,0.0,1.0,data/existing_infrastructure/nuclear_capacity.csv: 2020+2025,mid_scenario_anchor_from_user
Nuclear,nuclear,Hainan,2035,0.023789,3806.24808,0.0,3806.24808,160000.0,0.0,1.0,data/existing_infrastructure/nuclear_capacity.csv: 2020+2025,mid_scenario_anchor_from_user
Nuclear,nuclear,Hebei,2035,0.0,0.0,0.0,0.0,160000.0,0.0,1.0,data/existing_infrastructure/nuclear_capacity.csv: 2020+2025,mid_scenario_anchor_from_user
Nuclear,nuclear,Heilongjiang,2035,0.0,0.0,0.0,0.0,160000.0,0.0,1.0,data/existing_infrastructure/nuclear_capacity.csv: 2020+2025,mid_scenario_anchor_from_user
Nuclear,nuclear,Henan,2035,0.0,0.0,0.0,0.0,160000.0,0.0,1.0,data/existing_infrastructure/nuclear_capacity.csv: 2020+2025,mid_scenario_anchor_from_user
Nuclear,nuclear,Hubei,2035,0.0,0.0,0.0,0.0,160000.0,0.0,1.0,data/existing_infrastructure/nuclear_capacity.csv: 2020+2025,mid_scenario_anchor_from_user
Nuclear,nuclear,Hunan,2035,0.0,0.0,0.0,0.0,160000.0,0.0,1.0,data/existing_infrastructure/nuclear_capacity.csv: 2020+2025,mid_scenario_anchor_from_user
Nuclear,nuclear,InnerMongolia,2035,0.0,0.0,0.0,0.0,160000.0,0.0,1.0,data/existing_infrastructure/nuclear_capacity.csv: 2020+2025,mid_scenario_anchor_from_user
Nuclear,nuclear,Jiangsu,2035,0.120922,19347.448287,0.0,19347.448287,160000.0,0.0,1.0,data/existing_infrastructure/nuclear_capacity.csv: 2020+2025,mid_scenario_anchor_from_user
Nuclear,nuclear,Jiangxi,2035,0.0,0.0,0.0,0.0,160000.0,0.0,1.0,data/existing_infrastructure/nuclear_capacity.csv: 2020+2025,mid_scenario_anchor_from_user
Nuclear,nuclear,Jilin,2035,0.0,0.0,0.0,0.0,160000.0,0.0,1.0,data/existing_infrastructure/nuclear_capacity.csv: 2020+2025,mid_scenario_anchor_from_user
Nuclear,nuclear,Liaoning,2035,0.102366,16378.575451,0.0,16378.575451,160000.0,0.0,1.0,data/existing_infrastructure/nuclear_capacity.csv: 2020+2025,mid_scenario_anchor_from_user
Nuclear,nuclear,Ningxia,2035,0.0,0.0,0.0,0.0,160000.0,0.0,1.0,data/existing_infrastructure/nuclear_capacity.csv: 2020+2025,mid_scenario_anchor_from_user
Nuclear,nuclear,Qinghai,2035,0.0,0.0,0.0,0.0,160000.0,0.0,1.0,data/existing_infrastructure/nuclear_capacity.csv: 2020+2025,mid_scenario_anchor_from_user
Nuclear,nuclear,Shaanxi,2035,0.0,0.0,0.0,0.0,160000.0,0.0,1.0,data/existing_infrastructure/nuclear_capacity.csv: 2020+2025,mid_scenario_anchor_from_user
Nuclear,nuclear,Shandong,2035,0.049719,7955.057678,0.0,7955.057678,160000.0,0.0,1.0,data/existing_infrastructure/nuclear_capacity.csv: 2020+2025,mid_scenario_anchor_from_user
Nuclear,nuclear,Shanghai,2035,0.0,0.0,0.0,0.0,160000.0,0.0,1.0,data/existing_infrastructure/nuclear_capacity.csv: 2020+2025,mid_scenario_anchor_from_user
Nuclear,nuclear,Shanxi,2035,0.0,0.0,0.0,0.0,160000.0,0.0,1.0,data/existing_infrastructure/nuclear_capacity.csv: 2020+2025,mid_scenario_anchor_from_user
Nuclear,nuclear,Sichuan,2035,0.0,0.0,0.0,0.0,160000.0,0.0,1.0,data/existing_infrastructure/nuclear_capacity.csv: 2020+2025,mid_scenario_anchor_from_user
Nuclear,nuclear,Tianjin,2035,0.0,0.0,0.0,0.0,160000.0,0.0,1.0,data/existing_infrastructure/nuclear_capacity.csv: 2020+2025,mid_scenario_anchor_from_user
Nuclear,nuclear,Tibet,2035,0.0,0.0,0.0,0.0,160000.0,0.0,1.0,data/existing_infrastructure/nuclear_capacity.csv: 2020+2025,mid_scenario_anchor_from_user
Nuclear,nuclear,Xinjiang,2035,0.0,0.0,0.0,0.0,160000.0,0.0,1.0,data/existing_infrastructure/nuclear_capacity.csv: 2020+2025,mid_scenario_anchor_from_user
Nuclear,nuclear,Yunnan,2035,0.0,0.0,0.0,0.0,160000.0,0.0,1.0,data/existing_infrastructure/nuclear_capacity.csv: 2020+2025,mid_scenario_anchor_from_user
Nuclear,nuclear,Zhejiang,2035,0.166267,26602.739909,0.0,26602.739909,160000.0,0.0,1.0,data/existing_infrastructure/nuclear_capacity.csv: 2020+2025,mid_scenario_anchor_from_user
Nuclear,nuclear,Anhui,2040,0.0,0.0,0.0,0.0,225000.0,0.0,1.0,data/existing_infrastructure/nuclear_capacity.csv: 2020+2025,mid_scenario_anchor_from_user
Nuclear,nuclear,Beijing,2040,0.0,0.0,0.0,0.0,225000.0,0.0,1.0,data/existing_infrastructure/nuclear_capacity.csv: 2020+2025,mid_scenario_anchor_from_user
Nuclear,nuclear,Chongqing,2040,0.0,0.0,0.0,0.0,225000.0,0.0,1.0,data/existing_infrastructure/nuclear_capacity.csv: 2020+2025,mid_scenario_anchor_from_user
Nuclear,nuclear,Fujian,2040,0.201914,45430.673517,0.0,45430.673517,225000.0,0.0,1.0,data/existing_infrastructure/nuclear_capacity.csv: 2020+2025,mid_scenario_anchor_from_user
Nuclear,nuclear,Gansu,2040,0.0,0.0,0.0,0.0,225000.0,0.0,1.0,data/existing_infrastructure/nuclear_capacity.csv: 2020+2025,mid_scenario_anchor_from_user
Nuclear,nuclear,Guangdong,2040,0.295277,66437.315049,0.0,66437.315049,225000.0,0.0,1.0,data/existing_infrastructure/nuclear_capacity.csv: 2020+2025,mid_scenario_anchor_from_user
Nuclear,nuclear,Guangxi,2040,0.039746,8942.851332,0.0,8942.851332,225000.0,0.0,1.0,data/existing_infrastructure/nuclear_capacity.csv: 2020+2025,mid_scenario_anchor_from_user
Nuclear,nuclear,Guizhou,2040,0.0,0.0,0.0,0.0,225000.0,0.0,1.0,data/existing_infrastructure/nuclear_capacity.csv: 2020+2025,mid_scenario_anchor_from_user
Nuclear,nuclear,Hainan,2040,0.023789,5352.536362,0.0,5352.536362,225000.0,0.0,1.0,data/existing_infrastructure/nuclear_capacity.csv: 2020+2025,mid_scenario_anchor_from_user
Nuclear,nuclear,Hebei,2040,0.0,0.0,0.0,0.0,225000.0,0.0,1.0,data/existing_infrastructure/nuclear_capacity.csv: 2020+2025,mid_scenario_anchor_from_user
Nuclear,nuclear,Heilongjiang,2040,0.0,0.0,0.0,0.0,225000.0,0.0,1.0,data/existing_infrastructure/nuclear_capacity.csv: 2020+2025,mid_scenario_anchor_from_user
Nuclear,nuclear,Henan,2040,0.0,0.0,0.0,0.0,225000.0,0.0,1.0,data/existing_infrastructure/nuclear_capacity.csv: 2020+2025,mid_scenario_anchor_from_user
Nuclear,nuclear,Hubei,2040,0.0,0.0,0.0,0.0,225000.0,0.0,1.0,data/existing_infrastructure/nuclear_capacity.csv: 2020+2025,mid_scenario_anchor_from_user
Nuclear,nuclear,Hunan,2040,0.0,0.0,0.0,0.0,225000.0,0.0,1.0,data/existing_infrastructure/nuclear_capacity.csv: 2020+2025,mid_scenario_anchor_from_user
Nuclear,nuclear,InnerMongolia,2040,0.0,0.0,0.0,0.0,225000.0,0.0,1.0,data/existing_infrastructure/nuclear_capacity.csv: 2020+2025,mid_scenario_anchor_from_user
Nuclear,nuclear,Jiangsu,2040,0.120922,27207.349154,0.0,27207.349154,225000.0,0.0,1.0,data/existing_infrastructure/nuclear_capacity.csv: 2020+2025,mid_scenario_anchor_from_user
Nuclear,nuclear,Jiangxi,2040,0.0,0.0,0.0,0.0,225000.0,0.0,1.0,data/existing_infrastructure/nuclear_capacity.csv: 2020+2025,mid_scenario_anchor_from_user
Nuclear,nuclear,Jilin,2040,0.0,0.0,0.0,0.0,225000.0,0.0,1.0,data/existing_infrastructure/nuclear_capacity.csv: 2020+2025,mid_scenario_anchor_from_user
Nuclear,nuclear,Liaoning,2040,0.102366,23032.371728,0.0,23032.371728,225000.0,0.0,1.0,data/existing_infrastructure/nuclear_capacity.csv: 2020+2025,mid_scenario_anchor_from_user
Nuclear,nuclear,Ningxia,2040,0.0,0.0,0.0,0.0,225000.0,0.0,1.0,data/existing_infrastructure/nuclear_capacity.csv: 2020+2025,mid_scenario_anchor_from_user
Nuclear,nuclear,Qinghai,2040,0.0,0.0,0.0,0.0,225000.0,0.0,1.0,data/existing_infrastructure/nuclear_capacity.csv: 2020+2025,mid_scenario_anchor_from_user
Nuclear,nuclear,Shaanxi,2040,0.0,0.0,0.0,0.0,225000.0,0.0,1.0,data/existing_infrastructure/nuclear_capacity.csv: 2020+2025,mid_scenario_anchor_from_user
Nuclear,nuclear,Shandong,2040,0.049719,11186.79986,0.0,11186.79986,225000.0,0.0,1.0,data/existing_infrastructure/nuclear_capacity.csv: 2020+2025,mid_scenario_anchor_from_user
Nuclear,nuclear,Shanghai,2040,0.0,0.0,0.0,0.0,225000.0,0.0,1.0,data/existing_infrastructure/nuclear_capacity.csv: 2020+2025,mid_scenario_anchor_from_user
Nuclear,nuclear,Shanxi,2040,0.0,0.0,0.0,0.0,225000.0,0.0,1.0,data/existing_infrastructure/nuclear_capacity.csv: 2020+2025,mid_scenario_anchor_from_user
Nuclear,nuclear,Sichuan,2040,0.0,0.0,0.0,0.0,225000.0,0.0,1.0,data/existing_infrastructure/nuclear_capacity.csv: 2020+2025,mid_scenario_anchor_from_user
Nuclear,nuclear,Tianjin,2040,0.0,0.0,0.0,0.0,225000.0,0.0,1.0,data/existing_infrastructure/nuclear_capacity.csv: 2020+2025,mid_scenario_anchor_from_user
Nuclear,nuclear,Tibet,2040,0.0,0.0,0.0,0.0,225000.0,0.0,1.0,data/existing_infrastructure/nuclear_capacity.csv: 2020+2025,mid_scenario_anchor_from_user
Nuclear,nuclear,Xinjiang,2040,0.0,0.0,0.0,0.0,225000.0,0.0,1.0,data/existing_infrastructure/nuclear_capacity.csv: 2020+2025,mid_scenario_anchor_from_user
Nuclear,nuclear,Yunnan,2040,0.0,0.0,0.0,0.0,225000.0,0.0,1.0,data/existing_infrastructure/nuclear_capacity.csv: 2020+2025,mid_scenario_anchor_from_user
Nuclear,nuclear,Zhejiang,2040,0.166267,37410.102997,0.0,37410.102997,225000.0,0.0,1.0,data/existing_infrastructure/nuclear_capacity.csv: 2020+2025,mid_scenario_anchor_from_user
Nuclear,nuclear,Anhui,2045,0.0,0.0,0.0,0.0,280000.0,0.0,1.0,data/existing_infrastructure/nuclear_capacity.csv: 2020+2025,linear_interpolation_2040_2050
Nuclear,nuclear,Beijing,2045,0.0,0.0,0.0,0.0,280000.0,0.0,1.0,data/existing_infrastructure/nuclear_capacity.csv: 2020+2025,linear_interpolation_2040_2050
Nuclear,nuclear,Chongqing,2045,0.0,0.0,0.0,0.0,280000.0,0.0,1.0,data/existing_infrastructure/nuclear_capacity.csv: 2020+2025,linear_interpolation_2040_2050
Nuclear,nuclear,Fujian,2045,0.201914,56535.949266,0.0,56535.949266,280000.0,0.0,1.0,data/existing_infrastructure/nuclear_capacity.csv: 2020+2025,linear_interpolation_2040_2050
Nuclear,nuclear,Gansu,2045,0.0,0.0,0.0,0.0,280000.0,0.0,1.0,data/existing_infrastructure/nuclear_capacity.csv: 2020+2025,linear_interpolation_2040_2050
Nuclear,nuclear,Guangdong,2045,0.295277,82677.547617,0.0,82677.547617,280000.0,0.0,1.0,data/existing_infrastructure/nuclear_capacity.csv: 2020+2025,linear_interpolation_2040_2050
Nuclear,nuclear,Guangxi,2045,0.039746,11128.881657,0.0,11128.881657,280000.0,0.0,1.0,data/existing_infrastructure/nuclear_capacity.csv: 2020+2025,linear_interpolation_2040_2050
Nuclear,nuclear,Guizhou,2045,0.0,0.0,0.0,0.0,280000.0,0.0,1.0,data/existing_infrastructure/nuclear_capacity.csv: 2020+2025,linear_interpolation_2040_2050
Nuclear,nuclear,Hainan,2045,0.023789,6660.93414,0.0,6660.93414,280000.0,0.0,1.0,data/existing_infrastructure/nuclear_capacity.csv: 2020+2025,linear_interpolation_2040_2050
Nuclear,nuclear,Hebei,2045,0.0,0.0,0.0,0.0,280000.0,0.0,1.0,data/existing_infrastructure/nuclear_capacity.csv: 2020+2025,linear_interpolation_2040_2050
Nuclear,nuclear,Heilongjiang,2045,0.0,0.0,0.0,0.0,280000.0,0.0,1.0,data/existing_infrastructure/nuclear_capacity.csv: 2020+2025,linear_interpolation_2040_2050
Nuclear,nuclear,Henan,2045,0.0,0.0,0.0,0.0,280000.0,0.0,1.0,data/existing_infrastructure/nuclear_capacity.csv: 2020+2025,linear_interpolation_2040_2050
Nuclear,nuclear,Hubei,2045,0.0,0.0,0.0,0.0,280000.0,0.0,1.0,data/existing_infrastructure/nuclear_capacity.csv: 2020+2025,linear_interpolation_2040_2050
Nuclear,nuclear,Hunan,2045,0.0,0.0,0.0,0.0,280000.0,0.0,1.0,data/existing_infrastructure/nuclear_capacity.csv: 2020+2025,linear_interpolation_2040_2050
Nuclear,nuclear,InnerMongolia,2045,0.0,0.0,0.0,0.0,280000.0,0.0,1.0,data/existing_infrastructure/nuclear_capacity.csv: 2020+2025,linear_interpolation_2040_2050
Nuclear,nuclear,Jiangsu,2045,0.120922,33858.034503,0.0,33858.034503,280000.0,0.0,1.0,data/existing_infrastructure/nuclear_capacity.csv: 2020+2025,linear_interpolation_2040_2050
Nuclear,nuclear,Jiangxi,2045,0.0,0.0,0.0,0.0,280000.0,0.0,1.0,data/existing_infrastructure/nuclear_capacity.csv: 2020+2025,linear_interpolation_2040_2050
Nuclear,nuclear,Jilin,2045,0.0,0.0,0.0,0.0,280000.0,0.0,1.0,data/existing_infrastructure/nuclear_capacity.csv: 2020+2025,linear_interpolation_2040_2050
Nuclear,nuclear,Liaoning,2045,0.102366,28662.507039,0.0,28662.507039,280000.0,0.0,1.0,data/existing_infrastructure/nuclear_capacity.csv: 2020+2025,linear_interpolation_2040_2050
Nuclear,nuclear,Ningxia,2045,0.0,0.0,0.0,0.0,280000.0,0.0,1.0,data/existing_infrastructure/nuclear_capacity.csv: 2020+2025,linear_interpolation_2040_2050
Nuclear,nuclear,Qinghai,2045,0.0,0.0,0.0,0.0,280000.0,0.0,1.0,data/existing_infrastructure/nuclear_capacity.csv: 2020+2025,linear_interpolation_2040_2050
Nuclear,nuclear,Shaanxi,2045,0.0,0.0,0.0,0.0,280000.0,0.0,1.0,data/existing_infrastructure/nuclear_capacity.csv: 2020+2025,linear_interpolation_2040_2050
Nuclear,nuclear,Shandong,2045,0.049719,13921.350937,0.0,13921.350937,280000.0,0.0,1.0,data/existing_infrastructure/nuclear_capacity.csv: 2020+2025,linear_interpolation_2040_2050
Nuclear,nuclear,Shanghai,2045,0.0,0.0,0.0,0.0,280000.0,0.0,1.0,data/existing_infrastructure/nuclear_capacity.csv: 2020+2025,linear_interpolation_2040_2050
Nuclear,nuclear,Shanxi,2045,0.0,0.0,0.0,0.0,280000.0,0.0,1.0,data/existing_infrastructure/nuclear_capacity.csv: 2020+2025,linear_interpolation_2040_2050
Nuclear,nuclear,Sichuan,2045,0.0,0.0,0.0,0.0,280000.0,0.0,1.0,data/existing_infrastructure/nuclear_capacity.csv: 2020+2025,linear_interpolation_2040_2050
Nuclear,nuclear,Tianjin,2045,0.0,0.0,0.0,0.0,280000.0,0.0,1.0,data/existing_infrastructure/nuclear_capacity.csv: 2020+2025,linear_interpolation_2040_2050
Nuclear,nuclear,Tibet,2045,0.0,0.0,0.0,0.0,280000.0,0.0,1.0,data/existing_infrastructure/nuclear_capacity.csv: 2020+2025,linear_interpolation_2040_2050
Nuclear,nuclear,Xinjiang,2045,0.0,0.0,0.0,0.0,280000.0,0.0,1.0,data/existing_infrastructure/nuclear_capacity.csv: 2020+2025,linear_interpolation_2040_2050
Nuclear,nuclear,Yunnan,2045,0.0,0.0,0.0,0.0,280000.0,0.0,1.0,data/existing_infrastructure/nuclear_capacity.csv: 2020+2025,linear_interpolation_2040_2050
Nuclear,nuclear,Zhejiang,2045,0.166267,46554.794841,0.0,46554.794841,280000.0,0.0,1.0,data/existing_infrastructure/nuclear_capacity.csv: 2020+2025,linear_interpolation_2040_2050
Nuclear,nuclear,Anhui,2050,0.0,0.0,0.0,0.0,335000.0,0.0,1.0,data/existing_infrastructure/nuclear_capacity.csv: 2020+2025,mid_scenario_anchor_from_user
Nuclear,nuclear,Beijing,2050,0.0,0.0,0.0,0.0,335000.0,0.0,1.0,data/existing_infrastructure/nuclear_capacity.csv: 2020+2025,mid_scenario_anchor_from_user
Nuclear,nuclear,Chongqing,2050,0.0,0.0,0.0,0.0,335000.0,0.0,1.0,data/existing_infrastructure/nuclear_capacity.csv: 2020+2025,mid_scenario_anchor_from_user
Nuclear,nuclear,Fujian,2050,0.201914,67641.225015,0.0,67641.225015,335000.0,0.0,1.0,data/existing_infrastructure/nuclear_capacity.csv: 2020+2025,mid_scenario_anchor_from_user
Nuclear,nuclear,Gansu,2050,0.0,0.0,0.0,0.0,335000.0,0.0,1.0,data/existing_infrastructure/nuclear_capacity.csv: 2020+2025,mid_scenario_anchor_from_user
Nuclear,nuclear,Guangdong,2050,0.295277,98917.780185,0.0,98917.780185,335000.0,0.0,1.0,data/existing_infrastructure/nuclear_capacity.csv: 2020+2025,mid_scenario_anchor_from_user
Nuclear,nuclear,Guangxi,2050,0.039746,13314.911983,0.0,13314.911983,335000.0,0.0,1.0,data/existing_infrastructure/nuclear_capacity.csv: 2020+2025,mid_scenario_anchor_from_user
Nuclear,nuclear,Guizhou,2050,0.0,0.0,0.0,0.0,335000.0,0.0,1.0,data/existing_infrastructure/nuclear_capacity.csv: 2020+2025,mid_scenario_anchor_from_user
Nuclear,nuclear,Hainan,2050,0.023789,7969.331917,0.0,7969.331917,335000.0,0.0,1.0,data/existing_infrastructure/nuclear_capacity.csv: 2020+2025,mid_scenario_anchor_from_user
Nuclear,nuclear,Hebei,2050,0.0,0.0,0.0,0.0,335000.0,0.0,1.0,data/existing_infrastructure/nuclear_capacity.csv: 2020+2025,mid_scenario_anchor_from_user
Nuclear,nuclear,Heilongjiang,2050,0.0,0.0,0.0,0.0,335000.0,0.0,1.0,data/existing_infrastructure/nuclear_capacity.csv: 2020+2025,mid_scenario_anchor_from_user
Nuclear,nuclear,Henan,2050,0.0,0.0,0.0,0.0,335000.0,0.0,1.0,data/existing_infrastructure/nuclear_capacity.csv: 2020+2025,mid_scenario_anchor_from_user
Nuclear,nuclear,Hubei,2050,0.0,0.0,0.0,0.0,335000.0,0.0,1.0,data/existing_infrastructure/nuclear_capacity.csv: 2020+2025,mid_scenario_anchor_from_user
Nuclear,nuclear,Hunan,2050,0.0,0.0,0.0,0.0,335000.0,0.0,1.0,data/existing_infrastructure/nuclear_capacity.csv: 2020+2025,mid_scenario_anchor_from_user
Nuclear,nuclear,InnerMongolia,2050,0.0,0.0,0.0,0.0,335000.0,0.0,1.0,data/existing_infrastructure/nuclear_capacity.csv: 2020+2025,mid_scenario_anchor_from_user
Nuclear,nuclear,Jiangsu,2050,0.120922,40508.719852,0.0,40508.719852,335000.0,0.0,1.0,data/existing_infrastructure/nuclear_capacity.csv: 2020+2025,mid_scenario_anchor_from_user
Nuclear,nuclear,Jiangxi,2050,0.0,0.0,0.0,0.0,335000.0,0.0,1.0,data/existing_infrastructure/nuclear_capacity.csv: 2020+2025,mid_scenario_anchor_from_user
Nuclear,nuclear,Jilin,2050,0.0,0.0,0.0,0.0,335000.0,0.0,1.0,data/existing_infrastructure/nuclear_capacity.csv: 2020+2025,mid_scenario_anchor_from_user
Nuclear,nuclear,Liaoning,2050,0.102366,34292.642351,0.0,34292.642351,335000.0,0.0,1.0,data/existing_infrastructure/nuclear_capacity.csv: 2020+2025,mid_scenario_anchor_from_user
Nuclear,nuclear,Ningxia,2050,0.0,0.0,0.0,0.0,335000.0,0.0,1.0,data/existing_infrastructure/nuclear_capacity.csv: 2020+2025,mid_scenario_anchor_from_user
Nuclear,nuclear,Qinghai,2050,0.0,0.0,0.0,0.0,335000.0,0.0,1.0,data/existing_infrastructure/nuclear_capacity.csv: 2020+2025,mid_scenario_anchor_from_user
Nuclear,nuclear,Shaanxi,2050,0.0,0.0,0.0,0.0,335000.0,0.0,1.0,data/existing_infrastructure/nuclear_capacity.csv: 2020+2025,mid_scenario_anchor_from_user
Nuclear,nuclear,Shandong,2050,0.049719,16655.902014,0.0,16655.902014,335000.0,0.0,1.0,data/existing_infrastructure/nuclear_capacity.csv: 2020+2025,mid_scenario_anchor_from_user
Nuclear,nuclear,Shanghai,2050,0.0,0.0,0.0,0.0,335000.0,0.0,1.0,data/existing_infrastructure/nuclear_capacity.csv: 2020+2025,mid_scenario_anchor_from_user
Nuclear,nuclear,Shanxi,2050,0.0,0.0,0.0,0.0,335000.0,0.0,1.0,data/existing_infrastructure/nuclear_capacity.csv: 2020+2025,mid_scenario_anchor_from_user
Nuclear,nuclear,Sichuan,2050,0.0,0.0,0.0,0.0,335000.0,0.0,1.0,data/existing_infrastructure/nuclear_capacity.csv: 2020+2025,mid_scenario_anchor_from_user
Nuclear,nuclear,Tianjin,2050,0.0,0.0,0.0,0.0,335000.0,0.0,1.0,data/existing_infrastructure/nuclear_capacity.csv: 2020+2025,mid_scenario_anchor_from_user
Nuclear,nuclear,Tibet,2050,0.0,0.0,0.0,0.0,335000.0,0.0,1.0,data/existing_infrastructure/nuclear_capacity.csv: 2020+2025,mid_scenario_anchor_from_user
Nuclear,nuclear,Xinjiang,2050,0.0,0.0,0.0,0.0,335000.0,0.0,1.0,data/existing_infrastructure/nuclear_capacity.csv: 2020+2025,mid_scenario_anchor_from_user
Nuclear,nuclear,Yunnan,2050,0.0,0.0,0.0,0.0,335000.0,0.0,1.0,data/existing_infrastructure/nuclear_capacity.csv: 2020+2025,mid_scenario_anchor_from_user
Nuclear,nuclear,Zhejiang,2050,0.166267,55699.486684,0.0,55699.486684,335000.0,0.0,1.0,data/existing_infrastructure/nuclear_capacity.csv: 2020+2025,mid_scenario_anchor_from_user
Nuclear,nuclear,Anhui,2055,0.0,0.0,0.0,0.0,390000.0,0.0,1.0,data/existing_infrastructure/nuclear_capacity.csv: 2020+2025,designed_extension_for_2060_path
Nuclear,nuclear,Beijing,2055,0.0,0.0,0.0,0.0,390000.0,0.0,1.0,data/existing_infrastructure/nuclear_capacity.csv: 2020+2025,designed_extension_for_2060_path
Nuclear,nuclear,Chongqing,2055,0.0,0.0,0.0,0.0,390000.0,0.0,1.0,data/existing_infrastructure/nuclear_capacity.csv: 2020+2025,designed_extension_for_2060_path
Nuclear,nuclear,Fujian,2055,0.201914,78746.500763,0.0,78746.500763,390000.0,0.0,1.0,data/existing_infrastructure/nuclear_capacity.csv: 2020+2025,designed_extension_for_2060_path
Nuclear,nuclear,Gansu,2055,0.0,0.0,0.0,0.0,390000.0,0.0,1.0,data/existing_infrastructure/nuclear_capacity.csv: 2020+2025,designed_extension_for_2060_path
Nuclear,nuclear,Guangdong,2055,0.295277,115158.012752,0.0,115158.012752,390000.0,0.0,1.0,data/existing_infrastructure/nuclear_capacity.csv: 2020+2025,designed_extension_for_2060_path
Nuclear,nuclear,Guangxi,2055,0.039746,15500.942308,0.0,15500.942308,390000.0,0.0,1.0,data/existing_infrastructure/nuclear_capacity.csv: 2020+2025,designed_extension_for_2060_path
Nuclear,nuclear,Guizhou,2055,0.0,0.0,0.0,0.0,390000.0,0.0,1.0,data/existing_infrastructure/nuclear_capacity.csv: 2020+2025,designed_extension_for_2060_path
Nuclear,nuclear,Hainan,2055,0.023789,9277.729695,0.0,9277.729695,390000.0,0.0,1.0,data/existing_infrastructure/nuclear_capacity.csv: 2020+2025,designed_extension_for_2060_path
Nuclear,nuclear,Hebei,2055,0.0,0.0,0.0,0.0,390000.0,0.0,1.0,data/existing_infrastructure/nuclear_capacity.csv: 2020+2025,designed_extension_for_2060_path
Nuclear,nuclear,Heilongjiang,2055,0.0,0.0,0.0,0.0,390000.0,0.0,1.0,data/existing_infrastructure/nuclear_capacity.csv: 2020+2025,designed_extension_for_2060_path
Nuclear,nuclear,Henan,2055,0.0,0.0,0.0,0.0,390000.0,0.0,1.0,data/existing_infrastructure/nuclear_capacity.csv: 2020+2025,designed_extension_for_2060_path
Nuclear,nuclear,Hubei,2055,0.0,0.0,0.0,0.0,390000.0,0.0,1.0,data/existing_infrastructure/nuclear_capacity.csv: 2020+2025,designed_extension_for_2060_path
Nuclear,nuclear,Hunan,2055,0.0,0.0,0.0,0.0,390000.0,0.0,1.0,data/existing_infrastructure/nuclear_capacity.csv: 2020+2025,designed_extension_for_2060_path
Nuclear,nuclear,InnerMongolia,2055,0.0,0.0,0.0,0.0,390000.0,0.0,1.0,data/existing_infrastructure/nuclear_capacity.csv: 2020+2025,designed_extension_for_2060_path
Nuclear,nuclear,Jiangsu,2055,0.120922,47159.405201,0.0,47159.405201,390000.0,0.0,1.0,data/existing_infrastructure/nuclear_capacity.csv: 2020+2025,designed_extension_for_2060_path
Nuclear,nuclear,Jiangxi,2055,0.0,0.0,0.0,0.0,390000.0,0.0,1.0,data/existing_infrastructure/nuclear_capacity.csv: 2020+2025,designed_extension_for_2060_path
Nuclear,nuclear,Jilin,2055,0.0,0.0,0.0,0.0,390000.0,0.0,1.0,data/existing_infrastructure/nuclear_capacity.csv: 2020+2025,designed_extension_for_2060_path
Nuclear,nuclear,Liaoning,2055,0.102366,39922.777662,0.0,39922.777662,390000.0,0.0,1.0,data/existing_infrastructure/nuclear_capacity.csv: 2020+2025,designed_extension_for_2060_path
Nuclear,nuclear,Ningxia,2055,0.0,0.0,0.0,0.0,390000.0,0.0,1.0,data/existing_infrastructure/nuclear_capacity.csv: 2020+2025,designed_extension_for_2060_path
Nuclear,nuclear,Qinghai,2055,0.0,0.0,0.0,0.0,390000.0,0.0,1.0,data/existing_infrastructure/nuclear_capacity.csv: 2020+2025,designed_extension_for_2060_path
Nuclear,nuclear,Shaanxi,2055,0.0,0.0,0.0,0.0,390000.0,0.0,1.0,data/existing_infrastructure/nuclear_capacity.csv: 2020+2025,designed_extension_for_2060_path
Nuclear,nuclear,Shandong,2055,0.049719,19390.453091,0.0,19390.453091,390000.0,0.0,1.0,data/existing_infrastructure/nuclear_capacity.csv: 2020+2025,designed_extension_for_2060_path
Nuclear,nuclear,Shanghai,2055,0.0,0.0,0.0,0.0,390000.0,0.0,1.0,data/existing_infrastructure/nuclear_capacity.csv: 2020+2025,designed_extension_for_2060_path
Nuclear,nuclear,Shanxi,2055,0.0,0.0,0.0,0.0,390000.0,0.0,1.0,data/existing_infrastructure/nuclear_capacity.csv: 2020+2025,designed_extension_for_2060_path
Nuclear,nuclear,Sichuan,2055,0.0,0.0,0.0,0.0,390000.0,0.0,1.0,data/existing_infrastructure/nuclear_capacity.csv: 2020+2025,designed_extension_for_2060_path
Nuclear,nuclear,Tianjin,2055,0.0,0.0,0.0,0.0,390000.0,0.0,1.0,data/existing_infrastructure/nuclear_capacity.csv: 2020+2025,designed_extension_for_2060_path
Nuclear,nuclear,Tibet,2055,0.0,0.0,0.0,0.0,390000.0,0.0,1.0,data/existing_infrastructure/nuclear_capacity.csv: 2020+2025,designed_extension_for_2060_path
Nuclear,nuclear,Xinjiang,2055,0.0,0.0,0.0,0.0,390000.0,0.0,1.0,data/existing_infrastructure/nuclear_capacity.csv: 2020+2025,designed_extension_for_2060_path
Nuclear,nuclear,Yunnan,2055,0.0,0.0,0.0,0.0,390000.0,0.0,1.0,data/existing_infrastructure/nuclear_capacity.csv: 2020+2025,designed_extension_for_2060_path
Nuclear,nuclear,Zhejiang,2055,0.166267,64844.178528,0.0,64844.178528,390000.0,0.0,1.0,data/existing_infrastructure/nuclear_capacity.csv: 2020+2025,designed_extension_for_2060_path
Nuclear,nuclear,Anhui,2060,0.0,0.0,0.0,0.0,450000.0,0.0,1.0,data/existing_infrastructure/nuclear_capacity.csv: 2020+2025,designed_extension_for_2060_path
Nuclear,nuclear,Beijing,2060,0.0,0.0,0.0,0.0,450000.0,0.0,1.0,data/existing_infrastructure/nuclear_capacity.csv: 2020+2025,designed_extension_for_2060_path
Nuclear,nuclear,Chongqing,2060,0.0,0.0,0.0,0.0,450000.0,0.0,1.0,data/existing_infrastructure/nuclear_capacity.csv: 2020+2025,designed_extension_for_2060_path
Nuclear,nuclear,Fujian,2060,0.201914,90861.347034,0.0,90861.347034,450000.0,0.0,1.0,data/existing_infrastructure/nuclear_capacity.csv: 2020+2025,designed_extension_for_2060_path
Nuclear,nuclear,Gansu,2060,0.0,0.0,0.0,0.0,450000.0,0.0,1.0,data/existing_infrastructure/nuclear_capacity.csv: 2020+2025,designed_extension_for_2060_path
Nuclear,nuclear,Guangdong,2060,0.295277,132874.630099,0.0,132874.630099,450000.0,0.0,1.0,data/existing_infrastructure/nuclear_capacity.csv: 2020+2025,designed_extension_for_2060_path
Nuclear,nuclear,Guangxi,2060,0.039746,17885.702664,0.0,17885.702664,450000.0,0.0,1.0,data/existing_infrastructure/nuclear_capacity.csv: 2020+2025,designed_extension_for_2060_path
Nuclear,nuclear,Guizhou,2060,0.0,0.0,0.0,0.0,450000.0,0.0,1.0,data/existing_infrastructure/nuclear_capacity.csv: 2020+2025,designed_extension_for_2060_path
Nuclear,nuclear,Hainan,2060,0.023789,10705.072725,0.0,10705.072725,450000.0,0.0,1.0,data/existing_infrastructure/nuclear_capacity.csv: 2020+2025,designed_extension_for_2060_path
Nuclear,nuclear,Hebei,2060,0.0,0.0,0.0,0.0,450000.0,0.0,1.0,data/existing_infrastructure/nuclear_capacity.csv: 2020+2025,designed_extension_for_2060_path
Nuclear,nuclear,Heilongjiang,2060,0.0,0.0,0.0,0.0,450000.0,0.0,1.0,data/existing_infrastructure/nuclear_capacity.csv: 2020+2025,designed_extension_for_2060_path
Nuclear,nuclear,Henan,2060,0.0,0.0,0.0,0.0,450000.0,0.0,1.0,data/existing_infrastructure/nuclear_capacity.csv: 2020+2025,designed_extension_for_2060_path
Nuclear,nuclear,Hubei,2060,0.0,0.0,0.0,0.0,450000.0,0.0,1.0,data/existing_infrastructure/nuclear_capacity.csv: 2020+2025,designed_extension_for_2060_path
Nuclear,nuclear,Hunan,2060,0.0,0.0,0.0,0.0,450000.0,0.0,1.0,data/existing_infrastructure/nuclear_capacity.csv: 2020+2025,designed_extension_for_2060_path
Nuclear,nuclear,InnerMongolia,2060,0.0,0.0,0.0,0.0,450000.0,0.0,1.0,data/existing_infrastructure/nuclear_capacity.csv: 2020+2025,designed_extension_for_2060_path
Nuclear,nuclear,Jiangsu,2060,0.120922,54414.698309,0.0,54414.698309,450000.0,0.0,1.0,data/existing_infrastructure/nuclear_capacity.csv: 2020+2025,designed_extension_for_2060_path
Nuclear,nuclear,Jiangxi,2060,0.0,0.0,0.0,0.0,450000.0,0.0,1.0,data/existing_infrastructure/nuclear_capacity.csv: 2020+2025,designed_extension_for_2060_path
Nuclear,nuclear,Jilin,2060,0.0,0.0,0.0,0.0,450000.0,0.0,1.0,data/existing_infrastructure/nuclear_capacity.csv: 2020+2025,designed_extension_for_2060_path
Nuclear,nuclear,Liaoning,2060,0.102366,46064.743456,0.0,46064.743456,450000.0,0.0,1.0,data/existing_infrastructure/nuclear_capacity.csv: 2020+2025,designed_extension_for_2060_path
Nuclear,nuclear,Ningxia,2060,0.0,0.0,0.0,0.0,450000.0,0.0,1.0,data/existing_infrastructure/nuclear_capacity.csv: 2020+2025,designed_extension_for_2060_path
Nuclear,nuclear,Qinghai,2060,0.0,0.0,0.0,0.0,450000.0,0.0,1.0,data/existing_infrastructure/nuclear_capacity.csv: 2020+2025,designed_extension_for_2060_path
Nuclear,nuclear,Shaanxi,2060,0.0,0.0,0.0,0.0,450000.0,0.0,1.0,data/existing_infrastructure/nuclear_capacity.csv: 2020+2025,designed_extension_for_2060_path
Nuclear,nuclear,Shandong,2060,0.049719,22373.59972,0.0,22373.59972,450000.0,0.0,1.0,data/existing_infrastructure/nuclear_capacity.csv: 2020+2025,designed_extension_for_2060_path
Nuclear,nuclear,Shanghai,2060,0.0,0.0,0.0,0.0,450000.0,0.0,1.0,data/existing_infrastructure/nuclear_capacity.csv: 2020+2025,designed_extension_for_2060_path
Nuclear,nuclear,Shanxi,2060,0.0,0.0,0.0,0.0,450000.0,0.0,1.0,data/existing_infrastructure/nuclear_capacity.csv: 2020+2025,designed_extension_for_2060_path
Nuclear,nuclear,Sichuan,2060,0.0,0.0,0.0,0.0,450000.0,0.0,1.0,data/existing_infrastructure/nuclear_capacity.csv: 2020+2025,designed_extension_for_2060_path
Nuclear,nuclear,Tianjin,2060,0.0,0.0,0.0,0.0,450000.0,0.0,1.0,data/existing_infrastructure/nuclear_capacity.csv: 2020+2025,designed_extension_for_2060_path
Nuclear,nuclear,Tibet,2060,0.0,0.0,0.0,0.0,450000.0,0.0,1.0,data/existing_infrastructure/nuclear_capacity.csv: 2020+2025,designed_extension_for_2060_path
Nuclear,nuclear,Xinjiang,2060,0.0,0.0,0.0,0.0,450000.0,0.0,1.0,data/existing_infrastructure/nuclear_capacity.csv: 2020+2025,designed_extension_for_2060_path
Nuclear,nuclear,Yunnan,2060,0.0,0.0,0.0,0.0,450000.0,0.0,1.0,data/existing_infrastructure/nuclear_capacity.csv: 2020+2025,designed_extension_for_2060_path
Nuclear,nuclear,Zhejiang,2060,0.166267,74820.205994,0.0,74820.205994,450000.0,0.0,1.0,data/existing_infrastructure/nuclear_capacity.csv: 2020+2025,designed_extension_for_2060_path
Offshore wind,offwind,Fujian,2025,0.101291,4760.672915,3808.538332,6188.87479,47000.0,0.8,1.3,data/existing_infrastructure/offwind_capacity.csv: 2010+2015+2020+2025,NEA_2025_renewable_grid_connected_statistics
Offshore wind,offwind,Guangdong,2025,0.129714,6096.58099,4877.264792,7925.555287,47000.0,0.8,1.3,data/existing_infrastructure/offwind_capacity.csv: 2010+2015+2020+2025,NEA_2025_renewable_grid_connected_statistics
Offshore wind,offwind,Hebei,2025,0.025516,1199.247586,959.398069,1559.021862,47000.0,0.8,1.3,data/existing_infrastructure/offwind_capacity.csv: 2010+2015+2020+2025,NEA_2025_renewable_grid_connected_statistics
Offshore wind,offwind,Jiangsu,2025,0.51124,24028.264052,19222.611242,31236.743267,47000.0,0.8,1.3,data/existing_infrastructure/offwind_capacity.csv: 2010+2015+2020+2025,NEA_2025_renewable_grid_connected_statistics
Offshore wind,offwind,Liaoning,2025,0.030889,1451.787416,1161.429933,1887.323641,47000.0,0.8,1.3,data/existing_infrastructure/offwind_capacity.csv: 2010+2015+2020+2025,NEA_2025_renewable_grid_connected_statistics
Offshore wind,offwind,Shandong,2025,0.107133,5035.253356,4028.202685,6545.829363,47000.0,0.8,1.3,data/existing_infrastructure/offwind_capacity.csv: 2010+2015+2020+2025,NEA_2025_renewable_grid_connected_statistics
Offshore wind,offwind,Shanghai,2025,0.044009,2068.432233,1654.745786,2688.961902,47000.0,0.8,1.3,data/existing_infrastructure/offwind_capacity.csv: 2010+2015+2020+2025,NEA_2025_renewable_grid_connected_statistics
Offshore wind,offwind,Zhejiang,2025,0.050208,2359.761451,1887.809161,3067.689886,47000.0,0.8,1.3,data/existing_infrastructure/offwind_capacity.csv: 2010+2015+2020+2025,NEA_2025_renewable_grid_connected_statistics
Offshore wind,offwind,Fujian,2030,0.101291,12357.491397,9885.993117,16064.738815,122000.0,0.8,1.3,data/existing_infrastructure/offwind_capacity.csv: 2010+2015+2020+2025,Wind_Beijing_Declaration_2_0_total_1300GW_plus_offshore_15GW_per_year_2026_2030
Offshore wind,offwind,Guangdong,2030,0.129714,15825.167677,12660.134142,20572.71798,122000.0,0.8,1.3,data/existing_infrastructure/offwind_capacity.csv: 2010+2015+2020+2025,Wind_Beijing_Declaration_2_0_total_1300GW_plus_offshore_15GW_per_year_2026_2030
Offshore wind,offwind,Hebei,2030,0.025516,3112.940543,2490.352435,4046.822706,122000.0,0.8,1.3,data/existing_infrastructure/offwind_capacity.csv: 2010+2015+2020+2025,Wind_Beijing_Declaration_2_0_total_1300GW_plus_offshore_15GW_per_year_2026_2030
Offshore wind,offwind,Jiangsu,2030,0.51124,62371.238603,49896.990882,81082.610184,122000.0,0.8,1.3,data/existing_infrastructure/offwind_capacity.csv: 2010+2015+2020+2025,Wind_Beijing_Declaration_2_0_total_1300GW_plus_offshore_15GW_per_year_2026_2030
Offshore wind,offwind,Liaoning,2030,0.030889,3768.469464,3014.775571,4899.010303,122000.0,0.8,1.3,data/existing_infrastructure/offwind_capacity.csv: 2010+2015+2020+2025,Wind_Beijing_Declaration_2_0_total_1300GW_plus_offshore_15GW_per_year_2026_2030
Offshore wind,offwind,Shandong,2030,0.107133,13070.232117,10456.185693,16991.301751,122000.0,0.8,1.3,data/existing_infrastructure/offwind_capacity.csv: 2010+2015+2020+2025,Wind_Beijing_Declaration_2_0_total_1300GW_plus_offshore_15GW_per_year_2026_2030
Offshore wind,offwind,Shanghai,2030,0.044009,5369.121965,4295.297572,6979.858555,122000.0,0.8,1.3,data/existing_infrastructure/offwind_capacity.csv: 2010+2015+2020+2025,Wind_Beijing_Declaration_2_0_total_1300GW_plus_offshore_15GW_per_year_2026_2030
Offshore wind,offwind,Zhejiang,2030,0.050208,6125.338235,4900.270588,7962.939705,122000.0,0.8,1.3,data/existing_infrastructure/offwind_capacity.csv: 2010+2015+2020+2025,Wind_Beijing_Declaration_2_0_total_1300GW_plus_offshore_15GW_per_year_2026_2030
Offshore wind,offwind,Fujian,2035,0.101291,20258.182617,16206.546094,26335.637402,200000.0,0.8,1.3,data/existing_infrastructure/offwind_capacity.csv: 2010+2015+2020+2025,Declaration_total_2000GW_split_assumption
Offshore wind,offwind,Guangdong,2035,0.129714,25942.897831,20754.318265,33725.767181,200000.0,0.8,1.3,data/existing_infrastructure/offwind_capacity.csv: 2010+2015+2020+2025,Declaration_total_2000GW_split_assumption
Offshore wind,offwind,Hebei,2035,0.025516,5103.181219,4082.544975,6634.135584,200000.0,0.8,1.3,data/existing_infrastructure/offwind_capacity.csv: 2010+2015+2020+2025,Declaration_total_2000GW_split_assumption
Offshore wind,offwind,Jiangsu,2035,0.51124,102247.932136,81798.345709,132922.311777,200000.0,0.8,1.3,data/existing_infrastructure/offwind_capacity.csv: 2010+2015+2020+2025,Declaration_total_2000GW_split_assumption
Offshore wind,offwind,Liaoning,2035,0.030889,6177.818793,4942.255034,8031.16443,200000.0,0.8,1.3,data/existing_infrastructure/offwind_capacity.csv: 2010+2015+2020+2025,Declaration_total_2000GW_split_assumption
Offshore wind,offwind,Shandong,2035,0.107133,21426.610027,17141.288022,27854.593035,200000.0,0.8,1.3,data/existing_infrastructure/offwind_capacity.csv: 2010+2015+2020+2025,Declaration_total_2000GW_split_assumption
Offshore wind,offwind,Shanghai,2035,0.044009,8801.839288,7041.47143,11442.391074,200000.0,0.8,1.3,data/existing_infrastructure/offwind_capacity.csv: 2010+2015+2020+2025,Declaration_total_2000GW_split_assumption
Offshore wind,offwind,Zhejiang,2035,0.050208,10041.53809,8033.230472,13053.999517,200000.0,0.8,1.3,data/existing_infrastructure/offwind_capacity.csv: 2010+2015+2020+2025,Declaration_total_2000GW_split_assumption
Offshore wind,offwind,Fujian,2040,0.101291,26335.637402,21068.509922,34236.328623,260000.0,0.8,1.3,data/existing_infrastructure/offwind_capacity.csv: 2010+2015+2020+2025,Linear_interpolation_2035_2060
Offshore wind,offwind,Guangdong,2040,0.129714,33725.767181,26980.613745,43843.497335,260000.0,0.8,1.3,data/existing_infrastructure/offwind_capacity.csv: 2010+2015+2020+2025,Linear_interpolation_2035_2060
Offshore wind,offwind,Hebei,2040,0.025516,6634.135584,5307.308467,8624.37626,260000.0,0.8,1.3,data/existing_infrastructure/offwind_capacity.csv: 2010+2015+2020+2025,Linear_interpolation_2035_2060
Offshore wind,offwind,Jiangsu,2040,0.51124,132922.311777,106337.849421,172799.00531,260000.0,0.8,1.3,data/existing_infrastructure/offwind_capacity.csv: 2010+2015+2020+2025,Linear_interpolation_2035_2060
Offshore wind,offwind,Liaoning,2040,0.030889,8031.16443,6424.931544,10440.51376,260000.0,0.8,1.3,data/existing_infrastructure/offwind_capacity.csv: 2010+2015+2020+2025,Linear_interpolation_2035_2060
Offshore wind,offwind,Shandong,2040,0.107133,27854.593035,22283.674428,36210.970946,260000.0,0.8,1.3,data/existing_infrastructure/offwind_capacity.csv: 2010+2015+2020+2025,Linear_interpolation_2035_2060
Offshore wind,offwind,Shanghai,2040,0.044009,11442.391074,9153.912859,14875.108396,260000.0,0.8,1.3,data/existing_infrastructure/offwind_capacity.csv: 2010+2015+2020+2025,Linear_interpolation_2035_2060
Offshore wind,offwind,Zhejiang,2040,0.050208,13053.999517,10443.199613,16970.199372,260000.0,0.8,1.3,data/existing_infrastructure/offwind_capacity.csv: 2010+2015+2020+2025,Linear_interpolation_2035_2060
Offshore wind,offwind,Fujian,2045,0.101291,32413.092188,25930.47375,42137.019844,320000.0,0.8,1.3,data/existing_infrastructure/offwind_capacity.csv: 2010+2015+2020+2025,Linear_interpolation_2035_2060
Offshore wind,offwind,Guangdong,2045,0.129714,41508.63653,33206.909224,53961.227489,320000.0,0.8,1.3,data/existing_infrastructure/offwind_capacity.csv: 2010+2015+2020+2025,Linear_interpolation_2035_2060
Offshore wind,offwind,Hebei,2045,0.025516,8165.08995,6532.07196,10614.616935,320000.0,0.8,1.3,data/existing_infrastructure/offwind_capacity.csv: 2010+2015+2020+2025,Linear_interpolation_2035_2060
Offshore wind,offwind,Jiangsu,2045,0.51124,163596.691417,130877.353134,212675.698843,320000.0,0.8,1.3,data/existing_infrastructure/offwind_capacity.csv: 2010+2015+2020+2025,Linear_interpolation_2035_2060
Offshore wind,offwind,Liaoning,2045,0.030889,9884.510068,7907.608055,12849.863089,320000.0,0.8,1.3,data/existing_infrastructure/offwind_capacity.csv: 2010+2015+2020+2025,Linear_interpolation_2035_2060
Offshore wind,offwind,Shandong,2045,0.107133,34282.576043,27426.060835,44567.348856,320000.0,0.8,1.3,data/existing_infrastructure/offwind_capacity.csv: 2010+2015+2020+2025,Linear_interpolation_2035_2060
Offshore wind,offwind,Shanghai,2045,0.044009,14082.94286,11266.354288,18307.825718,320000.0,0.8,1.3,data/existing_infrastructure/offwind_capacity.csv: 2010+2015+2020+2025,Linear_interpolation_2035_2060
Offshore wind,offwind,Zhejiang,2045,0.050208,16066.460943,12853.168755,20886.399226,320000.0,0.8,1.3,data/existing_infrastructure/offwind_capacity.csv: 2010+2015+2020+2025,Linear_interpolation_2035_2060
Offshore wind,offwind,Fujian,2050,0.101291,38490.546973,30792.437578,50037.711065,380000.0,0.8,1.3,data/existing_infrastructure/offwind_capacity.csv: 2010+2015+2020+2025,Linear_interpolation_2035_2060
Offshore wind,offwind,Guangdong,2050,0.129714,49291.505879,39433.204704,64078.957643,380000.0,0.8,1.3,data/existing_infrastructure/offwind_capacity.csv: 2010+2015+2020+2025,Linear_interpolation_2035_2060
Offshore wind,offwind,Hebei,2050,0.025516,9696.044316,7756.835452,12604.85761,380000.0,0.8,1.3,data/existing_infrastructure/offwind_capacity.csv: 2010+2015+2020+2025,Linear_interpolation_2035_2060
Offshore wind,offwind,Jiangsu,2050,0.51124,194271.071058,155416.856846,252552.392376,380000.0,0.8,1.3,data/existing_infrastructure/offwind_capacity.csv: 2010+2015+2020+2025,Linear_interpolation_2035_2060
Offshore wind,offwind,Liaoning,2050,0.030889,11737.855706,9390.284565,15259.212418,380000.0,0.8,1.3,data/existing_infrastructure/offwind_capacity.csv: 2010+2015+2020+2025,Linear_interpolation_2035_2060
Offshore wind,offwind,Shandong,2050,0.107133,40710.559051,32568.447241,52923.726767,380000.0,0.8,1.3,data/existing_infrastructure/offwind_capacity.csv: 2010+2015+2020+2025,Linear_interpolation_2035_2060
Offshore wind,offwind,Shanghai,2050,0.044009,16723.494646,13378.795717,21740.54304,380000.0,0.8,1.3,data/existing_infrastructure/offwind_capacity.csv: 2010+2015+2020+2025,Linear_interpolation_2035_2060
Offshore wind,offwind,Zhejiang,2050,0.050208,19078.92237,15263.137896,24802.599081,380000.0,0.8,1.3,data/existing_infrastructure/offwind_capacity.csv: 2010+2015+2020+2025,Linear_interpolation_2035_2060
Offshore wind,offwind,Fujian,2055,0.101291,44568.001758,35654.401406,57938.402285,440000.0,0.8,1.3,data/existing_infrastructure/offwind_capacity.csv: 2010+2015+2020+2025,Linear_interpolation_2035_2060
Offshore wind,offwind,Guangdong,2055,0.129714,57074.375229,45659.500183,74196.687798,440000.0,0.8,1.3,data/existing_infrastructure/offwind_capacity.csv: 2010+2015+2020+2025,Linear_interpolation_2035_2060
Offshore wind,offwind,Hebei,2055,0.025516,11226.998681,8981.598945,14595.098286,440000.0,0.8,1.3,data/existing_infrastructure/offwind_capacity.csv: 2010+2015+2020+2025,Linear_interpolation_2035_2060
Offshore wind,offwind,Jiangsu,2055,0.51124,224945.450699,179956.360559,292429.085908,440000.0,0.8,1.3,data/existing_infrastructure/offwind_capacity.csv: 2010+2015+2020+2025,Linear_interpolation_2035_2060
Offshore wind,offwind,Liaoning,2055,0.030889,13591.201344,10872.961075,17668.561747,440000.0,0.8,1.3,data/existing_infrastructure/offwind_capacity.csv: 2010+2015+2020+2025,Linear_interpolation_2035_2060
Offshore wind,offwind,Shandong,2055,0.107133,47138.54206,37710.833648,61280.104677,440000.0,0.8,1.3,data/existing_infrastructure/offwind_capacity.csv: 2010+2015+2020+2025,Linear_interpolation_2035_2060
Offshore wind,offwind,Shanghai,2055,0.044009,19364.046433,15491.237146,25173.260362,440000.0,0.8,1.3,data/existing_infrastructure/offwind_capacity.csv: 2010+2015+2020+2025,Linear_interpolation_2035_2060
Offshore wind,offwind,Zhejiang,2055,0.050208,22091.383797,17673.107038,28718.798936,440000.0,0.8,1.3,data/existing_infrastructure/offwind_capacity.csv: 2010+2015+2020+2025,Linear_interpolation_2035_2060
Offshore wind,offwind,Fujian,2060,0.101291,50645.456543,40516.365234,65839.093506,500000.0,0.8,1.3,data/existing_infrastructure/offwind_capacity.csv: 2010+2015+2020+2025,Wind_Beijing_Declaration_2_0_total_5000GW_split_assumption
Offshore wind,offwind,Guangdong,2060,0.129714,64857.244578,51885.795663,84314.417952,500000.0,0.8,1.3,data/existing_infrastructure/offwind_capacity.csv: 2010+2015+2020+2025,Wind_Beijing_Declaration_2_0_total_5000GW_split_assumption
Offshore wind,offwind,Hebei,2060,0.025516,12757.953047,10206.362437,16585.338961,500000.0,0.8,1.3,data/existing_infrastructure/offwind_capacity.csv: 2010+2015+2020+2025,Wind_Beijing_Declaration_2_0_total_5000GW_split_assumption
Offshore wind,offwind,Jiangsu,2060,0.51124,255619.83034,204495.864272,332305.779441,500000.0,0.8,1.3,data/existing_infrastructure/offwind_capacity.csv: 2010+2015+2020+2025,Wind_Beijing_Declaration_2_0_total_5000GW_split_assumption
Offshore wind,offwind,Liaoning,2060,0.030889,15444.546982,12355.637585,20077.911076,500000.0,0.8,1.3,data/existing_infrastructure/offwind_capacity.csv: 2010+2015+2020+2025,Wind_Beijing_Declaration_2_0_total_5000GW_split_assumption
Offshore wind,offwind,Shandong,2060,0.107133,53566.525068,42853.220054,69636.482588,500000.0,0.8,1.3,data/existing_infrastructure/offwind_capacity.csv: 2010+2015+2020+2025,Wind_Beijing_Declaration_2_0_total_5000GW_split_assumption
Offshore wind,offwind,Shanghai,2060,0.044009,22004.598219,17603.678575,28605.977684,500000.0,0.8,1.3,data/existing_infrastructure/offwind_capacity.csv: 2010+2015+2020+2025,Wind_Beijing_Declaration_2_0_total_5000GW_split_assumption
Offshore wind,offwind,Zhejiang,2060,0.050208,25103.845224,20083.076179,32634.998791,500000.0,0.8,1.3,data/existing_infrastructure/offwind_capacity.csv: 2010+2015+2020+2025,Wind_Beijing_Declaration_2_0_total_5000GW_split_assumption
Onshore wind,onwind,Anhui,2025,0.016083,9488.925135,7591.140108,12335.602676,590000.0,0.8,1.3,data/existing_infrastructure/onwind_capacity.csv: 2010+2015+2020+2025,NEA_2025_renewable_grid_connected_statistics
Onshore wind,onwind,Beijing,2025,0.000847,499.841655,399.873324,649.794152,590000.0,0.8,1.3,data/existing_infrastructure/onwind_capacity.csv: 2010+2015+2020+2025,NEA_2025_renewable_grid_connected_statistics
Onshore wind,onwind,Chongqing,2025,0.003749,2211.664243,1769.331395,2875.163516,590000.0,0.8,1.3,data/existing_infrastructure/onwind_capacity.csv: 2010+2015+2020+2025,NEA_2025_renewable_grid_connected_statistics
Onshore wind,onwind,Fujian,2025,0.024881,14680.084909,11744.067927,19084.110382,590000.0,0.8,1.3,data/existing_infrastructure/onwind_capacity.csv: 2010+2015+2020+2025,NEA_2025_renewable_grid_connected_statistics
Onshore wind,onwind,Gansu,2025,0.062011,36586.27251,29269.018008,47562.154263,590000.0,0.8,1.3,data/existing_infrastructure/onwind_capacity.csv: 2010+2015+2020+2025,NEA_2025_renewable_grid_connected_statistics
Onshore wind,onwind,Guangdong,2025,0.044705,26376.192469,21100.953975,34289.05021,590000.0,0.8,1.3,data/existing_infrastructure/onwind_capacity.csv: 2010+2015+2020+2025,NEA_2025_renewable_grid_connected_statistics
Onshore wind,onwind,Guangxi,2025,0.020647,12181.619913,9745.29593,15836.105887,590000.0,0.8,1.3,data/existing_infrastructure/onwind_capacity.csv: 2010+2015+2020+2025,NEA_2025_renewable_grid_connected_statistics
Onshore wind,onwind,Guizhou,2025,0.020588,12146.684836,9717.347869,15790.690287,590000.0,0.8,1.3,data/existing_infrastructure/onwind_capacity.csv: 2010+2015+2020+2025,NEA_2025_renewable_grid_connected_statistics
Onshore wind,onwind,Hainan,2025,0.00113,666.45554,533.164432,866.392202,590000.0,0.8,1.3,data/existing_infrastructure/onwind_capacity.csv: 2010+2015+2020+2025,NEA_2025_renewable_grid_connected_statistics
Onshore wind,onwind,Hebei,2025,0.070677,41699.314815,33359.451852,54209.10926,590000.0,0.8,1.3,data/existing_infrastructure/onwind_capacity.csv: 2010+2015+2020+2025,NEA_2025_renewable_grid_connected_statistics
Onshore wind,onwind,Heilongjiang,2025,0.027867,16441.740889,13153.392711,21374.263155,590000.0,0.8,1.3,data/existing_infrastructure/onwind_capacity.csv: 2010+2015+2020+2025,NEA_2025_renewable_grid_connected_statistics
Onshore wind,onwind,Henan,2025,0.047452,27996.495459,22397.196368,36395.444097,590000.0,0.8,1.3,data/existing_infrastructure/onwind_capacity.csv: 2010+2015+2020+2025,NEA_2025_renewable_grid_connected_statistics
Onshore wind,onwind,Hubei,2025,0.020738,12235.36611,9788.292888,15905.975943,590000.0,0.8,1.3,data/existing_infrastructure/onwind_capacity.csv: 2010+2015+2020+2025,NEA_2025_renewable_grid_connected_statistics
Onshore wind,onwind,Hunan,2025,0.030034,17720.1856,14176.14848,23036.24128,590000.0,0.8,1.3,data/existing_infrastructure/onwind_capacity.csv: 2010+2015+2020+2025,NEA_2025_renewable_grid_connected_statistics
Onshore wind,onwind,InnerMongolia,2025,0.138657,81807.86813,65446.294504,106350.228569,590000.0,0.8,1.3,data/existing_infrastructure/onwind_capacity.csv: 2010+2015+2020+2025,NEA_2025_renewable_grid_connected_statistics
Onshore wind,onwind,Jiangsu,2025,0.034575,20399.159562,16319.32765,26518.907431,590000.0,0.8,1.3,data/existing_infrastructure/onwind_capacity.csv: 2010+2015+2020+2025,NEA_2025_renewable_grid_connected_statistics
Onshore wind,onwind,Jiangxi,2025,0.018465,10894.393533,8715.514827,14162.711594,590000.0,0.8,1.3,data/existing_infrastructure/onwind_capacity.csv: 2010+2015+2020+2025,NEA_2025_renewable_grid_connected_statistics
Onshore wind,onwind,Jilin,2025,0.023803,14043.93243,11235.145944,18257.11216,590000.0,0.8,1.3,data/existing_infrastructure/onwind_capacity.csv: 2010+2015+2020+2025,NEA_2025_renewable_grid_connected_statistics
Onshore wind,onwind,Liaoning,2025,0.03736,22042.675579,17634.140464,28655.478253,590000.0,0.8,1.3,data/existing_infrastructure/onwind_capacity.csv: 2010+2015+2020+2025,NEA_2025_renewable_grid_connected_statistics
Onshore wind,onwind,Ningxia,2025,0.051897,30619.320084,24495.456067,39805.116109,590000.0,0.8,1.3,data/existing_infrastructure/onwind_capacity.csv: 2010+2015+2020+2025,NEA_2025_renewable_grid_connected_statistics
Onshore wind,onwind,Qinghai,2025,0.030818,18182.405013,14545.92401,23637.126517,590000.0,0.8,1.3,data/existing_infrastructure/onwind_capacity.csv: 2010+2015+2020+2025,NEA_2025_renewable_grid_connected_statistics
Onshore wind,onwind,Shaanxi,2025,0.030663,18091.035611,14472.828489,23518.346295,590000.0,0.8,1.3,data/existing_infrastructure/onwind_capacity.csv: 2010+2015+2020+2025,NEA_2025_renewable_grid_connected_statistics
Onshore wind,onwind,Shandong,2025,0.038831,22910.222752,18328.178202,29783.289578,590000.0,0.8,1.3,data/existing_infrastructure/onwind_capacity.csv: 2010+2015+2020+2025,NEA_2025_renewable_grid_connected_statistics
Onshore wind,onwind,Shanghai,2025,0.001685,994.308016,795.446413,1292.600421,590000.0,0.8,1.3,data/existing_infrastructure/onwind_capacity.csv: 2010+2015+2020+2025,NEA_2025_renewable_grid_connected_statistics
Onshore wind,onwind,Shanxi,2025,0.047324,27921.102705,22336.882164,36297.433517,590000.0,0.8,1.3,data/existing_infrastructure/onwind_capacity.csv: 2010+2015+2020+2025,NEA_2025_renewable_grid_connected_statistics
Onshore wind,onwind,Sichuan,2025,0.017905,10563.853892,8451.083113,13733.010059,590000.0,0.8,1.3,data/existing_infrastructure/onwind_capacity.csv: 2010+2015+2020+2025,NEA_2025_renewable_grid_connected_statistics
Onshore wind,onwind,Tianjin,2025,0.003589,2117.607676,1694.086141,2752.889979,590000.0,0.8,1.3,data/existing_infrastructure/onwind_capacity.csv: 2010+2015+2020+2025,NEA_2025_renewable_grid_connected_statistics
Onshore wind,onwind,Tibet,2025,0.000225,133.02191,106.417528,172.928483,590000.0,0.8,1.3,data/existing_infrastructure/onwind_capacity.csv: 2010+2015+2020+2025,NEA_2025_renewable_grid_connected_statistics
Onshore wind,onwind,Xinjiang,2025,0.08812,51991.018831,41592.815064,67588.32448,590000.0,0.8,1.3,data/existing_infrastructure/onwind_capacity.csv: 2010+2015+2020+2025,NEA_2025_renewable_grid_connected_statistics
Onshore wind,onwind,Yunnan,2025,0.038661,22809.968663,18247.974931,29652.959262,590000.0,0.8,1.3,data/existing_infrastructure/onwind_capacity.csv: 2010+2015+2020+2025,NEA_2025_renewable_grid_connected_statistics
Onshore wind,onwind,Zhejiang,2025,0.006012,3547.261526,2837.809221,4611.439984,590000.0,0.8,1.3,data/existing_infrastructure/onwind_capacity.csv: 2010+2015+2020+2025,NEA_2025_renewable_grid_connected_statistics
Onshore wind,onwind,Anhui,2030,0.016083,18945.684423,15156.547538,24629.38975,1178000.0,0.8,1.3,data/existing_infrastructure/onwind_capacity.csv: 2010+2015+2020+2025,Wind_Beijing_Declaration_2_0_total_1300GW_plus_offshore_15GW_per_year_2026_2030
Onshore wind,onwind,Beijing,2030,0.000847,997.988932,798.391145,1297.385611,1178000.0,0.8,1.3,data/existing_infrastructure/onwind_capacity.csv: 2010+2015+2020+2025,Wind_Beijing_Declaration_2_0_total_1300GW_plus_offshore_15GW_per_year_2026_2030
Onshore wind,onwind,Chongqing,2030,0.003749,4415.831319,3532.665056,5740.580715,1178000.0,0.8,1.3,data/existing_infrastructure/onwind_capacity.csv: 2010+2015+2020+2025,Wind_Beijing_Declaration_2_0_total_1300GW_plus_offshore_15GW_per_year_2026_2030
Onshore wind,onwind,Fujian,2030,0.024881,29310.406818,23448.325455,38103.528864,1178000.0,0.8,1.3,data/existing_infrastructure/onwind_capacity.csv: 2010+2015+2020+2025,Wind_Beijing_Declaration_2_0_total_1300GW_plus_offshore_15GW_per_year_2026_2030
Onshore wind,onwind,Gansu,2030,0.062011,73048.523758,58438.819006,94963.080885,1178000.0,0.8,1.3,data/existing_infrastructure/onwind_capacity.csv: 2010+2015+2020+2025,Wind_Beijing_Declaration_2_0_total_1300GW_plus_offshore_15GW_per_year_2026_2030
Onshore wind,onwind,Guangdong,2030,0.044705,52662.974116,42130.379293,68461.866351,1178000.0,0.8,1.3,data/existing_infrastructure/onwind_capacity.csv: 2010+2015+2020+2025,Wind_Beijing_Declaration_2_0_total_1300GW_plus_offshore_15GW_per_year_2026_2030
Onshore wind,onwind,Guangxi,2030,0.020647,24321.946199,19457.556959,31618.530058,1178000.0,0.8,1.3,data/existing_infrastructure/onwind_capacity.csv: 2010+2015+2020+2025,Wind_Beijing_Declaration_2_0_total_1300GW_plus_offshore_15GW_per_year_2026_2030
Onshore wind,onwind,Guizhou,2030,0.020588,24252.19447,19401.755576,31527.852811,1178000.0,0.8,1.3,data/existing_infrastructure/onwind_capacity.csv: 2010+2015+2020+2025,Wind_Beijing_Declaration_2_0_total_1300GW_plus_offshore_15GW_per_year_2026_2030
Onshore wind,onwind,Hainan,2030,0.00113,1330.651909,1064.521527,1729.847481,1178000.0,0.8,1.3,data/existing_infrastructure/onwind_capacity.csv: 2010+2015+2020+2025,Wind_Beijing_Declaration_2_0_total_1300GW_plus_offshore_15GW_per_year_2026_2030
Onshore wind,onwind,Hebei,2030,0.070677,83257.276021,66605.820817,108234.458827,1178000.0,0.8,1.3,data/existing_infrastructure/onwind_capacity.csv: 2010+2015+2020+2025,Wind_Beijing_Declaration_2_0_total_1300GW_plus_offshore_15GW_per_year_2026_2030
Onshore wind,onwind,Heilongjiang,2030,0.027867,32827.747062,26262.19765,42676.071181,1178000.0,0.8,1.3,data/existing_infrastructure/onwind_capacity.csv: 2010+2015+2020+2025,Wind_Beijing_Declaration_2_0_total_1300GW_plus_offshore_15GW_per_year_2026_2030
Onshore wind,onwind,Henan,2030,0.047452,55898.087544,44718.470035,72667.513808,1178000.0,0.8,1.3,data/existing_infrastructure/onwind_capacity.csv: 2010+2015+2020+2025,Wind_Beijing_Declaration_2_0_total_1300GW_plus_offshore_15GW_per_year_2026_2030
Onshore wind,onwind,Hubei,2030,0.020738,24429.256402,19543.405122,31758.033323,1178000.0,0.8,1.3,data/existing_infrastructure/onwind_capacity.csv: 2010+2015+2020+2025,Wind_Beijing_Declaration_2_0_total_1300GW_plus_offshore_15GW_per_year_2026_2030
Onshore wind,onwind,Hunan,2030,0.030034,35380.302774,28304.242219,45994.393606,1178000.0,0.8,1.3,data/existing_infrastructure/onwind_capacity.csv: 2010+2015+2020+2025,Wind_Beijing_Declaration_2_0_total_1300GW_plus_offshore_15GW_per_year_2026_2030
Onshore wind,onwind,InnerMongolia,2030,0.138657,163338.421453,130670.737162,212339.947888,1178000.0,0.8,1.3,data/existing_infrastructure/onwind_capacity.csv: 2010+2015+2020+2025,Wind_Beijing_Declaration_2_0_total_1300GW_plus_offshore_15GW_per_year_2026_2030
Onshore wind,onwind,Jiangsu,2030,0.034575,40729.169431,32583.335545,52947.92026,1178000.0,0.8,1.3,data/existing_infrastructure/onwind_capacity.csv: 2010+2015+2020+2025,Wind_Beijing_Declaration_2_0_total_1300GW_plus_offshore_15GW_per_year_2026_2030
Onshore wind,onwind,Jiangxi,2030,0.018465,21751.856919,17401.485535,28277.413995,1178000.0,0.8,1.3,data/existing_infrastructure/onwind_capacity.csv: 2010+2015+2020+2025,Wind_Beijing_Declaration_2_0_total_1300GW_plus_offshore_15GW_per_year_2026_2030
Onshore wind,onwind,Jilin,2030,0.023803,28040.25831,22432.206648,36452.335803,1178000.0,0.8,1.3,data/existing_infrastructure/onwind_capacity.csv: 2010+2015+2020+2025,Wind_Beijing_Declaration_2_0_total_1300GW_plus_offshore_15GW_per_year_2026_2030
Onshore wind,onwind,Liaoning,2030,0.03736,44010.630225,35208.50418,57213.819292,1178000.0,0.8,1.3,data/existing_infrastructure/onwind_capacity.csv: 2010+2015+2020+2025,Wind_Beijing_Declaration_2_0_total_1300GW_plus_offshore_15GW_per_year_2026_2030
Onshore wind,onwind,Ningxia,2030,0.051897,61134.845863,48907.87669,79475.299622,1178000.0,0.8,1.3,data/existing_infrastructure/onwind_capacity.csv: 2010+2015+2020+2025,Wind_Beijing_Declaration_2_0_total_1300GW_plus_offshore_15GW_per_year_2026_2030
Onshore wind,onwind,Qinghai,2030,0.030818,36303.174755,29042.539804,47194.127181,1178000.0,0.8,1.3,data/existing_infrastructure/onwind_capacity.csv: 2010+2015+2020+2025,Wind_Beijing_Declaration_2_0_total_1300GW_plus_offshore_15GW_per_year_2026_2030
Onshore wind,onwind,Shaanxi,2030,0.030663,36120.745678,28896.596543,46956.969382,1178000.0,0.8,1.3,data/existing_infrastructure/onwind_capacity.csv: 2010+2015+2020+2025,Wind_Beijing_Declaration_2_0_total_1300GW_plus_offshore_15GW_per_year_2026_2030
Onshore wind,onwind,Shandong,2030,0.038831,45742.783733,36594.226986,59465.618852,1178000.0,0.8,1.3,data/existing_infrastructure/onwind_capacity.csv: 2010+2015+2020+2025,Wind_Beijing_Declaration_2_0_total_1300GW_plus_offshore_15GW_per_year_2026_2030
Onshore wind,onwind,Shanghai,2030,0.001685,1985.245497,1588.196398,2580.819146,1178000.0,0.8,1.3,data/existing_infrastructure/onwind_capacity.csv: 2010+2015+2020+2025,Wind_Beijing_Declaration_2_0_total_1300GW_plus_offshore_15GW_per_year_2026_2030
Onshore wind,onwind,Shanxi,2030,0.047324,55747.557605,44598.046084,72471.824886,1178000.0,0.8,1.3,data/existing_infrastructure/onwind_capacity.csv: 2010+2015+2020+2025,Wind_Beijing_Declaration_2_0_total_1300GW_plus_offshore_15GW_per_year_2026_2030
Onshore wind,onwind,Sichuan,2030,0.017905,21091.898109,16873.518487,27419.467542,1178000.0,0.8,1.3,data/existing_infrastructure/onwind_capacity.csv: 2010+2015+2020+2025,Wind_Beijing_Declaration_2_0_total_1300GW_plus_offshore_15GW_per_year_2026_2030
Onshore wind,onwind,Tianjin,2030,0.003589,4228.037021,3382.429617,5496.448127,1178000.0,0.8,1.3,data/existing_infrastructure/onwind_capacity.csv: 2010+2015+2020+2025,Wind_Beijing_Declaration_2_0_total_1300GW_plus_offshore_15GW_per_year_2026_2030
Onshore wind,onwind,Tibet,2030,0.000225,265.592898,212.474319,345.270768,1178000.0,0.8,1.3,data/existing_infrastructure/onwind_capacity.csv: 2010+2015+2020+2025,Wind_Beijing_Declaration_2_0_total_1300GW_plus_offshore_15GW_per_year_2026_2030
Onshore wind,onwind,Xinjiang,2030,0.08812,103805.796919,83044.637535,134947.535995,1178000.0,0.8,1.3,data/existing_infrastructure/onwind_capacity.csv: 2010+2015+2020+2025,Wind_Beijing_Declaration_2_0_total_1300GW_plus_offshore_15GW_per_year_2026_2030
Onshore wind,onwind,Yunnan,2030,0.038661,45542.615399,36434.092319,59205.400019,1178000.0,0.8,1.3,data/existing_infrastructure/onwind_capacity.csv: 2010+2015+2020+2025,Wind_Beijing_Declaration_2_0_total_1300GW_plus_offshore_15GW_per_year_2026_2030
Onshore wind,onwind,Zhejiang,2030,0.006012,7082.498436,5665.998749,9207.247967,1178000.0,0.8,1.3,data/existing_infrastructure/onwind_capacity.csv: 2010+2015+2020+2025,Wind_Beijing_Declaration_2_0_total_1300GW_plus_offshore_15GW_per_year_2026_2030
Onshore wind,onwind,Anhui,2035,0.016083,28949.263125,23159.4105,37634.042062,1800000.0,0.8,1.3,data/existing_infrastructure/onwind_capacity.csv: 2010+2015+2020+2025,Declaration_total_2000GW_split_assumption
Onshore wind,onwind,Beijing,2035,0.000847,1524.940642,1219.952514,1982.422835,1800000.0,0.8,1.3,data/existing_infrastructure/onwind_capacity.csv: 2010+2015+2020+2025,Declaration_total_2000GW_split_assumption
Onshore wind,onwind,Chongqing,2035,0.003749,6747.450233,5397.960187,8771.685303,1800000.0,0.8,1.3,data/existing_infrastructure/onwind_capacity.csv: 2010+2015+2020+2025,Declaration_total_2000GW_split_assumption
Onshore wind,onwind,Fujian,2035,0.024881,44786.699722,35829.359778,58222.709639,1800000.0,0.8,1.3,data/existing_infrastructure/onwind_capacity.csv: 2010+2015+2020+2025,Declaration_total_2000GW_split_assumption
Onshore wind,onwind,Gansu,2035,0.062011,111619.136472,89295.309178,145104.877414,1800000.0,0.8,1.3,data/existing_infrastructure/onwind_capacity.csv: 2010+2015+2020+2025,Declaration_total_2000GW_split_assumption
Onshore wind,onwind,Guangdong,2035,0.044705,80469.739736,64375.791789,104610.661657,1800000.0,0.8,1.3,data/existing_infrastructure/onwind_capacity.csv: 2010+2015+2020+2025,Declaration_total_2000GW_split_assumption
Onshore wind,onwind,Guangxi,2035,0.020647,37164.264141,29731.411313,48313.543383,1800000.0,0.8,1.3,data/existing_infrastructure/onwind_capacity.csv: 2010+2015+2020+2025,Declaration_total_2000GW_split_assumption
Onshore wind,onwind,Guizhou,2035,0.020588,37057.682552,29646.146042,48174.987318,1800000.0,0.8,1.3,data/existing_infrastructure/onwind_capacity.csv: 2010+2015+2020+2025,Declaration_total_2000GW_split_assumption
Onshore wind,onwind,Hainan,2035,0.00113,2033.25419,1626.603352,2643.230447,1800000.0,0.8,1.3,data/existing_infrastructure/onwind_capacity.csv: 2010+2015+2020+2025,Declaration_total_2000GW_split_assumption
Onshore wind,onwind,Hebei,2035,0.070677,127218.248589,101774.598871,165383.723166,1800000.0,0.8,1.3,data/existing_infrastructure/onwind_capacity.csv: 2010+2015+2020+2025,Declaration_total_2000GW_split_assumption
Onshore wind,onwind,Heilongjiang,2035,0.027867,50161.243389,40128.994711,65209.616406,1800000.0,0.8,1.3,data/existing_infrastructure/onwind_capacity.csv: 2010+2015+2020+2025,Declaration_total_2000GW_split_assumption
Onshore wind,onwind,Henan,2035,0.047452,85413.036995,68330.429596,111036.948093,1800000.0,0.8,1.3,data/existing_infrastructure/onwind_capacity.csv: 2010+2015+2020+2025,Declaration_total_2000GW_split_assumption
Onshore wind,onwind,Hubei,2035,0.020738,37328.235589,29862.588472,48526.706266,1800000.0,0.8,1.3,data/existing_infrastructure/onwind_capacity.csv: 2010+2015+2020+2025,Declaration_total_2000GW_split_assumption
Onshore wind,onwind,Hunan,2035,0.030034,54061.583186,43249.266548,70280.058141,1800000.0,0.8,1.3,data/existing_infrastructure/onwind_capacity.csv: 2010+2015+2020+2025,Declaration_total_2000GW_split_assumption
Onshore wind,onwind,InnerMongolia,2035,0.138657,249583.326498,199666.661198,324458.324447,1800000.0,0.8,1.3,data/existing_infrastructure/onwind_capacity.csv: 2010+2015+2020+2025,Declaration_total_2000GW_split_assumption
Onshore wind,onwind,Jiangsu,2035,0.034575,62234.724088,49787.77927,80905.141314,1800000.0,0.8,1.3,data/existing_infrastructure/onwind_capacity.csv: 2010+2015+2020+2025,Declaration_total_2000GW_split_assumption
Onshore wind,onwind,Jiangxi,2035,0.018465,33237.132814,26589.706251,43208.272658,1800000.0,0.8,1.3,data/existing_infrastructure/onwind_capacity.csv: 2010+2015+2020+2025,Declaration_total_2000GW_split_assumption
Onshore wind,onwind,Jilin,2035,0.023803,42845.895551,34276.716441,55699.664216,1800000.0,0.8,1.3,data/existing_infrastructure/onwind_capacity.csv: 2010+2015+2020+2025,Declaration_total_2000GW_split_assumption
Onshore wind,onwind,Liaoning,2035,0.03736,67248.840751,53799.072601,87423.492976,1800000.0,0.8,1.3,data/existing_infrastructure/onwind_capacity.csv: 2010+2015+2020+2025,Declaration_total_2000GW_split_assumption
Onshore wind,onwind,Ningxia,2035,0.051897,93414.874833,74731.899867,121439.337283,1800000.0,0.8,1.3,data/existing_infrastructure/onwind_capacity.csv: 2010+2015+2020+2025,Declaration_total_2000GW_split_assumption
Onshore wind,onwind,Qinghai,2035,0.030818,55471.744108,44377.395286,72113.26734,1800000.0,0.8,1.3,data/existing_infrastructure/onwind_capacity.csv: 2010+2015+2020+2025,Declaration_total_2000GW_split_assumption
Onshore wind,onwind,Shaanxi,2035,0.030663,55192.990001,44154.392001,71750.887001,1800000.0,0.8,1.3,data/existing_infrastructure/onwind_capacity.csv: 2010+2015+2020+2025,Declaration_total_2000GW_split_assumption
Onshore wind,onwind,Shandong,2035,0.038831,69895.594838,55916.47587,90864.273289,1800000.0,0.8,1.3,data/existing_infrastructure/onwind_capacity.csv: 2010+2015+2020+2025,Declaration_total_2000GW_split_assumption
Onshore wind,onwind,Shanghai,2035,0.001685,3033.482084,2426.785667,3943.526709,1800000.0,0.8,1.3,data/existing_infrastructure/onwind_capacity.csv: 2010+2015+2020+2025,Declaration_total_2000GW_split_assumption
Onshore wind,onwind,Shanxi,2035,0.047324,85183.025203,68146.420162,110737.932763,1800000.0,0.8,1.3,data/existing_infrastructure/onwind_capacity.csv: 2010+2015+2020+2025,Declaration_total_2000GW_split_assumption
Onshore wind,onwind,Sichuan,2035,0.017905,32228.706788,25782.965431,41897.318825,1800000.0,0.8,1.3,data/existing_infrastructure/onwind_capacity.csv: 2010+2015+2020+2025,Declaration_total_2000GW_split_assumption
Onshore wind,onwind,Tianjin,2035,0.003589,6460.497995,5168.398396,8398.647393,1800000.0,0.8,1.3,data/existing_infrastructure/onwind_capacity.csv: 2010+2015+2020+2025,Declaration_total_2000GW_split_assumption
Onshore wind,onwind,Tibet,2035,0.000225,405.829556,324.663645,527.578423,1800000.0,0.8,1.3,data/existing_infrastructure/onwind_capacity.csv: 2010+2015+2020+2025,Declaration_total_2000GW_split_assumption
Onshore wind,onwind,Xinjiang,2035,0.08812,158616.667619,126893.334095,206201.667904,1800000.0,0.8,1.3,data/existing_infrastructure/onwind_capacity.csv: 2010+2015+2020+2025,Declaration_total_2000GW_split_assumption
Onshore wind,onwind,Yunnan,2035,0.038661,69589.734905,55671.787924,90466.655376,1800000.0,0.8,1.3,data/existing_infrastructure/onwind_capacity.csv: 2010+2015+2020+2025,Declaration_total_2000GW_split_assumption
Onshore wind,onwind,Zhejiang,2035,0.006012,10822.153808,8657.723046,14068.79995,1800000.0,0.8,1.3,data/existing_infrastructure/onwind_capacity.csv: 2010+2015+2020+2025,Declaration_total_2000GW_split_assumption
Onshore wind,onwind,Anhui,2040,0.016083,37634.042062,30107.23365,48924.254681,2340000.0,0.8,1.3,data/existing_infrastructure/onwind_capacity.csv: 2010+2015+2020+2025,Linear_interpolation_2035_2060
Onshore wind,onwind,Beijing,2040,0.000847,1982.422835,1585.938268,2577.149686,2340000.0,0.8,1.3,data/existing_infrastructure/onwind_capacity.csv: 2010+2015+2020+2025,Linear_interpolation_2035_2060
Onshore wind,onwind,Chongqing,2040,0.003749,8771.685303,7017.348243,11403.190894,2340000.0,0.8,1.3,data/existing_infrastructure/onwind_capacity.csv: 2010+2015+2020+2025,Linear_interpolation_2035_2060
Onshore wind,onwind,Fujian,2040,0.024881,58222.709639,46578.167711,75689.52253,2340000.0,0.8,1.3,data/existing_infrastructure/onwind_capacity.csv: 2010+2015+2020+2025,Linear_interpolation_2035_2060
Onshore wind,onwind,Gansu,2040,0.062011,145104.877414,116083.901931,188636.340638,2340000.0,0.8,1.3,data/existing_infrastructure/onwind_capacity.csv: 2010+2015+2020+2025,Linear_interpolation_2035_2060
Onshore wind,onwind,Guangdong,2040,0.044705,104610.661657,83688.529326,135993.860154,2340000.0,0.8,1.3,data/existing_infrastructure/onwind_capacity.csv: 2010+2015+2020+2025,Linear_interpolation_2035_2060
Onshore wind,onwind,Guangxi,2040,0.020647,48313.543383,38650.834706,62807.606398,2340000.0,0.8,1.3,data/existing_infrastructure/onwind_capacity.csv: 2010+2015+2020+2025,Linear_interpolation_2035_2060
Onshore wind,onwind,Guizhou,2040,0.020588,48174.987318,38539.989854,62627.483513,2340000.0,0.8,1.3,data/existing_infrastructure/onwind_capacity.csv: 2010+2015+2020+2025,Linear_interpolation_2035_2060
Onshore wind,onwind,Hainan,2040,0.00113,2643.230447,2114.584358,3436.199581,2340000.0,0.8,1.3,data/existing_infrastructure/onwind_capacity.csv: 2010+2015+2020+2025,Linear_interpolation_2035_2060
Onshore wind,onwind,Hebei,2040,0.070677,165383.723166,132306.978533,214998.840116,2340000.0,0.8,1.3,data/existing_infrastructure/onwind_capacity.csv: 2010+2015+2020+2025,Linear_interpolation_2035_2060
Onshore wind,onwind,Heilongjiang,2040,0.027867,65209.616406,52167.693125,84772.501327,2340000.0,0.8,1.3,data/existing_infrastructure/onwind_capacity.csv: 2010+2015+2020+2025,Linear_interpolation_2035_2060
Onshore wind,onwind,Henan,2040,0.047452,111036.948093,88829.558474,144348.032521,2340000.0,0.8,1.3,data/existing_infrastructure/onwind_capacity.csv: 2010+2015+2020+2025,Linear_interpolation_2035_2060
Onshore wind,onwind,Hubei,2040,0.020738,48526.706266,38821.365013,63084.718146,2340000.0,0.8,1.3,data/existing_infrastructure/onwind_capacity.csv: 2010+2015+2020+2025,Linear_interpolation_2035_2060
Onshore wind,onwind,Hunan,2040,0.030034,70280.058141,56224.046513,91364.075584,2340000.0,0.8,1.3,data/existing_infrastructure/onwind_capacity.csv: 2010+2015+2020+2025,Linear_interpolation_2035_2060
Onshore wind,onwind,InnerMongolia,2040,0.138657,324458.324447,259566.659558,421795.821781,2340000.0,0.8,1.3,data/existing_infrastructure/onwind_capacity.csv: 2010+2015+2020+2025,Linear_interpolation_2035_2060
Onshore wind,onwind,Jiangsu,2040,0.034575,80905.141314,64724.113051,105176.683708,2340000.0,0.8,1.3,data/existing_infrastructure/onwind_capacity.csv: 2010+2015+2020+2025,Linear_interpolation_2035_2060
Onshore wind,onwind,Jiangxi,2040,0.018465,43208.272658,34566.618127,56170.754456,2340000.0,0.8,1.3,data/existing_infrastructure/onwind_capacity.csv: 2010+2015+2020+2025,Linear_interpolation_2035_2060
Onshore wind,onwind,Jilin,2040,0.023803,55699.664216,44559.731373,72409.563481,2340000.0,0.8,1.3,data/existing_infrastructure/onwind_capacity.csv: 2010+2015+2020+2025,Linear_interpolation_2035_2060
Onshore wind,onwind,Liaoning,2040,0.03736,87423.492976,69938.794381,113650.540869,2340000.0,0.8,1.3,data/existing_infrastructure/onwind_capacity.csv: 2010+2015+2020+2025,Linear_interpolation_2035_2060
Onshore wind,onwind,Ningxia,2040,0.051897,121439.337283,97151.469826,157871.138468,2340000.0,0.8,1.3,data/existing_infrastructure/onwind_capacity.csv: 2010+2015+2020+2025,Linear_interpolation_2035_2060
Onshore wind,onwind,Qinghai,2040,0.030818,72113.26734,57690.613872,93747.247542,2340000.0,0.8,1.3,data/existing_infrastructure/onwind_capacity.csv: 2010+2015+2020+2025,Linear_interpolation_2035_2060
Onshore wind,onwind,Shaanxi,2040,0.030663,71750.887001,57400.709601,93276.153102,2340000.0,0.8,1.3,data/existing_infrastructure/onwind_capacity.csv: 2010+2015+2020+2025,Linear_interpolation_2035_2060
Onshore wind,onwind,Shandong,2040,0.038831,90864.273289,72691.418631,118123.555276,2340000.0,0.8,1.3,data/existing_infrastructure/onwind_capacity.csv: 2010+2015+2020+2025,Linear_interpolation_2035_2060
Onshore wind,onwind,Shanghai,2040,0.001685,3943.526709,3154.821367,5126.584722,2340000.0,0.8,1.3,data/existing_infrastructure/onwind_capacity.csv: 2010+2015+2020+2025,Linear_interpolation_2035_2060
Onshore wind,onwind,Shanxi,2040,0.047324,110737.932763,88590.346211,143959.312592,2340000.0,0.8,1.3,data/existing_infrastructure/onwind_capacity.csv: 2010+2015+2020+2025,Linear_interpolation_2035_2060
Onshore wind,onwind,Sichuan,2040,0.017905,41897.318825,33517.85506,54466.514472,2340000.0,0.8,1.3,data/existing_infrastructure/onwind_capacity.csv: 2010+2015+2020+2025,Linear_interpolation_2035_2060
Onshore wind,onwind,Tianjin,2040,0.003589,8398.647393,6718.917915,10918.241611,2340000.0,0.8,1.3,data/existing_infrastructure/onwind_capacity.csv: 2010+2015+2020+2025,Linear_interpolation_2035_2060
Onshore wind,onwind,Tibet,2040,0.000225,527.578423,422.062738,685.85195,2340000.0,0.8,1.3,data/existing_infrastructure/onwind_capacity.csv: 2010+2015+2020+2025,Linear_interpolation_2035_2060
Onshore wind,onwind,Xinjiang,2040,0.08812,206201.667904,164961.334323,268062.168275,2340000.0,0.8,1.3,data/existing_infrastructure/onwind_capacity.csv: 2010+2015+2020+2025,Linear_interpolation_2035_2060
Onshore wind,onwind,Yunnan,2040,0.038661,90466.655376,72373.324301,117606.651989,2340000.0,0.8,1.3,data/existing_infrastructure/onwind_capacity.csv: 2010+2015+2020+2025,Linear_interpolation_2035_2060
Onshore wind,onwind,Zhejiang,2040,0.006012,14068.79995,11255.03996,18289.439935,2340000.0,0.8,1.3,data/existing_infrastructure/onwind_capacity.csv: 2010+2015+2020+2025,Linear_interpolation_2035_2060
Onshore wind,onwind,Anhui,2045,0.016083,46318.821,37055.0568,60214.4673,2880000.0,0.8,1.3,data/existing_infrastructure/onwind_capacity.csv: 2010+2015+2020+2025,Linear_interpolation_2035_2060
Onshore wind,onwind,Beijing,2045,0.000847,2439.905028,1951.924022,3171.876536,2880000.0,0.8,1.3,data/existing_infrastructure/onwind_capacity.csv: 2010+2015+2020+2025,Linear_interpolation_2035_2060
Onshore wind,onwind,Chongqing,2045,0.003749,10795.920373,8636.736299,14034.696485,2880000.0,0.8,1.3,data/existing_infrastructure/onwind_capacity.csv: 2010+2015+2020+2025,Linear_interpolation_2035_2060
Onshore wind,onwind,Fujian,2045,0.024881,71658.719555,57326.975644,93156.335422,2880000.0,0.8,1.3,data/existing_infrastructure/onwind_capacity.csv: 2010+2015+2020+2025,Linear_interpolation_2035_2060
Onshore wind,onwind,Gansu,2045,0.062011,178590.618356,142872.494685,232167.803863,2880000.0,0.8,1.3,data/existing_infrastructure/onwind_capacity.csv: 2010+2015+2020+2025,Linear_interpolation_2035_2060
Onshore wind,onwind,Guangdong,2045,0.044705,128751.583578,103001.266863,167377.058652,2880000.0,0.8,1.3,data/existing_infrastructure/onwind_capacity.csv: 2010+2015+2020+2025,Linear_interpolation_2035_2060
Onshore wind,onwind,Guangxi,2045,0.020647,59462.822625,47570.2581,77301.669413,2880000.0,0.8,1.3,data/existing_infrastructure/onwind_capacity.csv: 2010+2015+2020+2025,Linear_interpolation_2035_2060
Onshore wind,onwind,Guizhou,2045,0.020588,59292.292083,47433.833667,77079.979708,2880000.0,0.8,1.3,data/existing_infrastructure/onwind_capacity.csv: 2010+2015+2020+2025,Linear_interpolation_2035_2060
Onshore wind,onwind,Hainan,2045,0.00113,3253.206704,2602.565363,4229.168715,2880000.0,0.8,1.3,data/existing_infrastructure/onwind_capacity.csv: 2010+2015+2020+2025,Linear_interpolation_2035_2060
Onshore wind,onwind,Hebei,2045,0.070677,203549.197743,162839.358194,264613.957065,2880000.0,0.8,1.3,data/existing_infrastructure/onwind_capacity.csv: 2010+2015+2020+2025,Linear_interpolation_2035_2060
Onshore wind,onwind,Heilongjiang,2045,0.027867,80257.989422,64206.391538,104335.386249,2880000.0,0.8,1.3,data/existing_infrastructure/onwind_capacity.csv: 2010+2015+2020+2025,Linear_interpolation_2035_2060
Onshore wind,onwind,Henan,2045,0.047452,136660.859192,109328.687353,177659.116949,2880000.0,0.8,1.3,data/existing_infrastructure/onwind_capacity.csv: 2010+2015+2020+2025,Linear_interpolation_2035_2060
Onshore wind,onwind,Hubei,2045,0.020738,59725.176943,47780.141555,77642.730026,2880000.0,0.8,1.3,data/existing_infrastructure/onwind_capacity.csv: 2010+2015+2020+2025,Linear_interpolation_2035_2060
Onshore wind,onwind,Hunan,2045,0.030034,86498.533097,69198.826478,112448.093026,2880000.0,0.8,1.3,data/existing_infrastructure/onwind_capacity.csv: 2010+2015+2020+2025,Linear_interpolation_2035_2060
Onshore wind,onwind,InnerMongolia,2045,0.138657,399333.322397,319466.657917,519133.319116,2880000.0,0.8,1.3,data/existing_infrastructure/onwind_capacity.csv: 2010+2015+2020+2025,Linear_interpolation_2035_2060
Onshore wind,onwind,Jiangsu,2045,0.034575,99575.55854,79660.446832,129448.226102,2880000.0,0.8,1.3,data/existing_infrastructure/onwind_capacity.csv: 2010+2015+2020+2025,Linear_interpolation_2035_2060
Onshore wind,onwind,Jiangxi,2045,0.018465,53179.412502,42543.530002,69133.236253,2880000.0,0.8,1.3,data/existing_infrastructure/onwind_capacity.csv: 2010+2015+2020+2025,Linear_interpolation_2035_2060
Onshore wind,onwind,Jilin,2045,0.023803,68553.432881,54842.746305,89119.462745,2880000.0,0.8,1.3,data/existing_infrastructure/onwind_capacity.csv: 2010+2015+2020+2025,Linear_interpolation_2035_2060
Onshore wind,onwind,Liaoning,2045,0.03736,107598.145201,86078.516161,139877.588762,2880000.0,0.8,1.3,data/existing_infrastructure/onwind_capacity.csv: 2010+2015+2020+2025,Linear_interpolation_2035_2060
Onshore wind,onwind,Ningxia,2045,0.051897,149463.799733,119571.039786,194302.939653,2880000.0,0.8,1.3,data/existing_infrastructure/onwind_capacity.csv: 2010+2015+2020+2025,Linear_interpolation_2035_2060
Onshore wind,onwind,Qinghai,2045,0.030818,88754.790572,71003.832458,115381.227744,2880000.0,0.8,1.3,data/existing_infrastructure/onwind_capacity.csv: 2010+2015+2020+2025,Linear_interpolation_2035_2060
Onshore wind,onwind,Shaanxi,2045,0.030663,88308.784002,70647.027201,114801.419202,2880000.0,0.8,1.3,data/existing_infrastructure/onwind_capacity.csv: 2010+2015+2020+2025,Linear_interpolation_2035_2060
Onshore wind,onwind,Shandong,2045,0.038831,111832.95174,89466.361392,145382.837262,2880000.0,0.8,1.3,data/existing_infrastructure/onwind_capacity.csv: 2010+2015+2020+2025,Linear_interpolation_2035_2060
Onshore wind,onwind,Shanghai,2045,0.001685,4853.571334,3882.857067,6309.642735,2880000.0,0.8,1.3,data/existing_infrastructure/onwind_capacity.csv: 2010+2015+2020+2025,Linear_interpolation_2035_2060
Onshore wind,onwind,Shanxi,2045,0.047324,136292.840324,109034.272259,177180.692421,2880000.0,0.8,1.3,data/existing_infrastructure/onwind_capacity.csv: 2010+2015+2020+2025,Linear_interpolation_2035_2060
Onshore wind,onwind,Sichuan,2045,0.017905,51565.930861,41252.744689,67035.710119,2880000.0,0.8,1.3,data/existing_infrastructure/onwind_capacity.csv: 2010+2015+2020+2025,Linear_interpolation_2035_2060
Onshore wind,onwind,Tianjin,2045,0.003589,10336.796792,8269.437434,13437.835829,2880000.0,0.8,1.3,data/existing_infrastructure/onwind_capacity.csv: 2010+2015+2020+2025,Linear_interpolation_2035_2060
Onshore wind,onwind,Tibet,2045,0.000225,649.32729,519.461832,844.125477,2880000.0,0.8,1.3,data/existing_infrastructure/onwind_capacity.csv: 2010+2015+2020+2025,Linear_interpolation_2035_2060
Onshore wind,onwind,Xinjiang,2045,0.08812,253786.66819,203029.334552,329922.668647,2880000.0,0.8,1.3,data/existing_infrastructure/onwind_capacity.csv: 2010+2015+2020+2025,Linear_interpolation_2035_2060
Onshore wind,onwind,Yunnan,2045,0.038661,111343.575848,89074.860678,144746.648602,2880000.0,0.8,1.3,data/existing_infrastructure/onwind_capacity.csv: 2010+2015+2020+2025,Linear_interpolation_2035_2060
Onshore wind,onwind,Zhejiang,2045,0.006012,17315.446093,13852.356874,22510.07992,2880000.0,0.8,1.3,data/existing_infrastructure/onwind_capacity.csv: 2010+2015+2020+2025,Linear_interpolation_2035_2060
Onshore wind,onwind,Anhui,2050,0.016083,55003.599937,44002.87995,71504.679919,3420000.0,0.8,1.3,data/existing_infrastructure/onwind_capacity.csv: 2010+2015+2020+2025,Linear_interpolation_2035_2060
Onshore wind,onwind,Beijing,2050,0.000847,2897.387221,2317.909777,3766.603387,3420000.0,0.8,1.3,data/existing_infrastructure/onwind_capacity.csv: 2010+2015+2020+2025,Linear_interpolation_2035_2060
Onshore wind,onwind,Chongqing,2050,0.003749,12820.155443,10256.124355,16666.202076,3420000.0,0.8,1.3,data/existing_infrastructure/onwind_capacity.csv: 2010+2015+2020+2025,Linear_interpolation_2035_2060
Onshore wind,onwind,Fujian,2050,0.024881,85094.729472,68075.783578,110623.148314,3420000.0,0.8,1.3,data/existing_infrastructure/onwind_capacity.csv: 2010+2015+2020+2025,Linear_interpolation_2035_2060
Onshore wind,onwind,Gansu,2050,0.062011,212076.359297,169661.087438,275699.267087,3420000.0,0.8,1.3,data/existing_infrastructure/onwind_capacity.csv: 2010+2015+2020+2025,Linear_interpolation_2035_2060
Onshore wind,onwind,Guangdong,2050,0.044705,152892.505499,122314.004399,198760.257149,3420000.0,0.8,1.3,data/existing_infrastructure/onwind_capacity.csv: 2010+2015+2020+2025,Linear_interpolation_2035_2060
Onshore wind,onwind,Guangxi,2050,0.020647,70612.101867,56489.681494,91795.732427,3420000.0,0.8,1.3,data/existing_infrastructure/onwind_capacity.csv: 2010+2015+2020+2025,Linear_interpolation_2035_2060
Onshore wind,onwind,Guizhou,2050,0.020588,70409.596849,56327.677479,91532.475904,3420000.0,0.8,1.3,data/existing_infrastructure/onwind_capacity.csv: 2010+2015+2020+2025,Linear_interpolation_2035_2060
Onshore wind,onwind,Hainan,2050,0.00113,3863.182961,3090.546369,5022.137849,3420000.0,0.8,1.3,data/existing_infrastructure/onwind_capacity.csv: 2010+2015+2020+2025,Linear_interpolation_2035_2060
Onshore wind,onwind,Hebei,2050,0.070677,241714.672319,193371.737855,314229.074015,3420000.0,0.8,1.3,data/existing_infrastructure/onwind_capacity.csv: 2010+2015+2020+2025,Linear_interpolation_2035_2060
Onshore wind,onwind,Heilongjiang,2050,0.027867,95306.362439,76245.089951,123898.271171,3420000.0,0.8,1.3,data/existing_infrastructure/onwind_capacity.csv: 2010+2015+2020+2025,Linear_interpolation_2035_2060
Onshore wind,onwind,Henan,2050,0.047452,162284.77029,129827.816232,210970.201377,3420000.0,0.8,1.3,data/existing_infrastructure/onwind_capacity.csv: 2010+2015+2020+2025,Linear_interpolation_2035_2060
Onshore wind,onwind,Hubei,2050,0.020738,70923.64762,56738.918096,92200.741906,3420000.0,0.8,1.3,data/existing_infrastructure/onwind_capacity.csv: 2010+2015+2020+2025,Linear_interpolation_2035_2060
Onshore wind,onwind,Hunan,2050,0.030034,102717.008053,82173.606442,133532.110468,3420000.0,0.8,1.3,data/existing_infrastructure/onwind_capacity.csv: 2010+2015+2020+2025,Linear_interpolation_2035_2060
Onshore wind,onwind,InnerMongolia,2050,0.138657,474208.320346,379366.656277,616470.81645,3420000.0,0.8,1.3,data/existing_infrastructure/onwind_capacity.csv: 2010+2015+2020+2025,Linear_interpolation_2035_2060
Onshore wind,onwind,Jiangsu,2050,0.034575,118245.975767,94596.780613,153719.768497,3420000.0,0.8,1.3,data/existing_infrastructure/onwind_capacity.csv: 2010+2015+2020+2025,Linear_interpolation_2035_2060
Onshore wind,onwind,Jiangxi,2050,0.018465,63150.552347,50520.441877,82095.718051,3420000.0,0.8,1.3,data/existing_infrastructure/onwind_capacity.csv: 2010+2015+2020+2025,Linear_interpolation_2035_2060
Onshore wind,onwind,Jilin,2050,0.023803,81407.201546,65125.761237,105829.36201,3420000.0,0.8,1.3,data/existing_infrastructure/onwind_capacity.csv: 2010+2015+2020+2025,Linear_interpolation_2035_2060
Onshore wind,onwind,Liaoning,2050,0.03736,127772.797427,102218.237941,166104.636655,3420000.0,0.8,1.3,data/existing_infrastructure/onwind_capacity.csv: 2010+2015+2020+2025,Linear_interpolation_2035_2060
Onshore wind,onwind,Ningxia,2050,0.051897,177488.262183,141990.609746,230734.740838,3420000.0,0.8,1.3,data/existing_infrastructure/onwind_capacity.csv: 2010+2015+2020+2025,Linear_interpolation_2035_2060
Onshore wind,onwind,Qinghai,2050,0.030818,105396.313804,84317.051044,137015.207946,3420000.0,0.8,1.3,data/existing_infrastructure/onwind_capacity.csv: 2010+2015+2020+2025,Linear_interpolation_2035_2060
Onshore wind,onwind,Shaanxi,2050,0.030663,104866.681002,83893.344802,136326.685302,3420000.0,0.8,1.3,data/existing_infrastructure/onwind_capacity.csv: 2010+2015+2020+2025,Linear_interpolation_2035_2060
Onshore wind,onwind,Shandong,2050,0.038831,132801.630192,106241.304153,172642.119249,3420000.0,0.8,1.3,data/existing_infrastructure/onwind_capacity.csv: 2010+2015+2020+2025,Linear_interpolation_2035_2060
Onshore wind,onwind,Shanghai,2050,0.001685,5763.615959,4610.892768,7492.700747,3420000.0,0.8,1.3,data/existing_infrastructure/onwind_capacity.csv: 2010+2015+2020+2025,Linear_interpolation_2035_2060
Onshore wind,onwind,Shanxi,2050,0.047324,161847.747885,129478.198308,210402.07225,3420000.0,0.8,1.3,data/existing_infrastructure/onwind_capacity.csv: 2010+2015+2020+2025,Linear_interpolation_2035_2060
Onshore wind,onwind,Sichuan,2050,0.017905,61234.542898,48987.634318,79604.905767,3420000.0,0.8,1.3,data/existing_infrastructure/onwind_capacity.csv: 2010+2015+2020+2025,Linear_interpolation_2035_2060
Onshore wind,onwind,Tianjin,2050,0.003589,12274.94619,9819.956952,15957.430048,3420000.0,0.8,1.3,data/existing_infrastructure/onwind_capacity.csv: 2010+2015+2020+2025,Linear_interpolation_2035_2060
Onshore wind,onwind,Tibet,2050,0.000225,771.076157,616.860925,1002.399004,3420000.0,0.8,1.3,data/existing_infrastructure/onwind_capacity.csv: 2010+2015+2020+2025,Linear_interpolation_2035_2060
Onshore wind,onwind,Xinjiang,2050,0.08812,301371.668475,241097.33478,391783.169018,3420000.0,0.8,1.3,data/existing_infrastructure/onwind_capacity.csv: 2010+2015+2020+2025,Linear_interpolation_2035_2060
Onshore wind,onwind,Yunnan,2050,0.038661,132220.496319,105776.397056,171886.645215,3420000.0,0.8,1.3,data/existing_infrastructure/onwind_capacity.csv: 2010+2015+2020+2025,Linear_interpolation_2035_2060
Onshore wind,onwind,Zhejiang,2050,0.006012,20562.092235,16449.673788,26730.719905,3420000.0,0.8,1.3,data/existing_infrastructure/onwind_capacity.csv: 2010+2015+2020+2025,Linear_interpolation_2035_2060
Onshore wind,onwind,Anhui,2055,0.016083,63688.378875,50950.7031,82794.892537,3960000.0,0.8,1.3,data/existing_infrastructure/onwind_capacity.csv: 2010+2015+2020+2025,Linear_interpolation_2035_2060
Onshore wind,onwind,Beijing,2055,0.000847,3354.869413,2683.895531,4361.330238,3960000.0,0.8,1.3,data/existing_infrastructure/onwind_capacity.csv: 2010+2015+2020+2025,Linear_interpolation_2035_2060
Onshore wind,onwind,Chongqing,2055,0.003749,14844.390513,11875.512411,19297.707668,3960000.0,0.8,1.3,data/existing_infrastructure/onwind_capacity.csv: 2010+2015+2020+2025,Linear_interpolation_2035_2060
Onshore wind,onwind,Fujian,2055,0.024881,98530.739389,78824.591511,128089.961205,3960000.0,0.8,1.3,data/existing_infrastructure/onwind_capacity.csv: 2010+2015+2020+2025,Linear_interpolation_2035_2060
Onshore wind,onwind,Gansu,2055,0.062011,245562.100239,196449.680191,319230.730311,3960000.0,0.8,1.3,data/existing_infrastructure/onwind_capacity.csv: 2010+2015+2020+2025,Linear_interpolation_2035_2060
Onshore wind,onwind,Guangdong,2055,0.044705,177033.42742,141626.741936,230143.455646,3960000.0,0.8,1.3,data/existing_infrastructure/onwind_capacity.csv: 2010+2015+2020+2025,Linear_interpolation_2035_2060
Onshore wind,onwind,Guangxi,2055,0.020647,81761.381109,65409.104888,106289.795442,3960000.0,0.8,1.3,data/existing_infrastructure/onwind_capacity.csv: 2010+2015+2020+2025,Linear_interpolation_2035_2060
Onshore wind,onwind,Guizhou,2055,0.020588,81526.901614,65221.521292,105984.972099,3960000.0,0.8,1.3,data/existing_infrastructure/onwind_capacity.csv: 2010+2015+2020+2025,Linear_interpolation_2035_2060
Onshore wind,onwind,Hainan,2055,0.00113,4473.159218,3578.527374,5815.106983,3960000.0,0.8,1.3,data/existing_infrastructure/onwind_capacity.csv: 2010+2015+2020+2025,Linear_interpolation_2035_2060
Onshore wind,onwind,Hebei,2055,0.070677,279880.146896,223904.117517,363844.190965,3960000.0,0.8,1.3,data/existing_infrastructure/onwind_capacity.csv: 2010+2015+2020+2025,Linear_interpolation_2035_2060
Onshore wind,onwind,Heilongjiang,2055,0.027867,110354.735456,88283.788365,143461.156093,3960000.0,0.8,1.3,data/existing_infrastructure/onwind_capacity.csv: 2010+2015+2020+2025,Linear_interpolation_2035_2060
Onshore wind,onwind,Henan,2055,0.047452,187908.681388,150326.945111,244281.285805,3960000.0,0.8,1.3,data/existing_infrastructure/onwind_capacity.csv: 2010+2015+2020+2025,Linear_interpolation_2035_2060
Onshore wind,onwind,Hubei,2055,0.020738,82122.118297,65697.694637,106758.753786,3960000.0,0.8,1.3,data/existing_infrastructure/onwind_capacity.csv: 2010+2015+2020+2025,Linear_interpolation_2035_2060
Onshore wind,onwind,Hunan,2055,0.030034,118935.483008,95148.386407,154616.127911,3960000.0,0.8,1.3,data/existing_infrastructure/onwind_capacity.csv: 2010+2015+2020+2025,Linear_interpolation_2035_2060
Onshore wind,onwind,InnerMongolia,2055,0.138657,549083.318295,439266.654636,713808.313784,3960000.0,0.8,1.3,data/existing_infrastructure/onwind_capacity.csv: 2010+2015+2020+2025,Linear_interpolation_2035_2060
Onshore wind,onwind,Jiangsu,2055,0.034575,136916.392993,109533.114394,177991.310891,3960000.0,0.8,1.3,data/existing_infrastructure/onwind_capacity.csv: 2010+2015+2020+2025,Linear_interpolation_2035_2060
Onshore wind,onwind,Jiangxi,2055,0.018465,73121.692191,58497.353753,95058.199848,3960000.0,0.8,1.3,data/existing_infrastructure/onwind_capacity.csv: 2010+2015+2020+2025,Linear_interpolation_2035_2060
Onshore wind,onwind,Jilin,2055,0.023803,94260.970211,75408.776169,122539.261275,3960000.0,0.8,1.3,data/existing_infrastructure/onwind_capacity.csv: 2010+2015+2020+2025,Linear_interpolation_2035_2060
Onshore wind,onwind,Liaoning,2055,0.03736,147947.449652,118357.959721,192331.684547,3960000.0,0.8,1.3,data/existing_infrastructure/onwind_capacity.csv: 2010+2015+2020+2025,Linear_interpolation_2035_2060
Onshore wind,onwind,Ningxia,2055,0.051897,205512.724633,164410.179706,267166.542023,3960000.0,0.8,1.3,data/existing_infrastructure/onwind_capacity.csv: 2010+2015+2020+2025,Linear_interpolation_2035_2060
Onshore wind,onwind,Qinghai,2055,0.030818,122037.837037,97630.269629,158649.188148,3960000.0,0.8,1.3,data/existing_infrastructure/onwind_capacity.csv: 2010+2015+2020+2025,Linear_interpolation_2035_2060
Onshore wind,onwind,Shaanxi,2055,0.030663,121424.578002,97139.662402,157851.951403,3960000.0,0.8,1.3,data/existing_infrastructure/onwind_capacity.csv: 2010+2015+2020+2025,Linear_interpolation_2035_2060
Onshore wind,onwind,Shandong,2055,0.038831,153770.308643,123016.246914,199901.401236,3960000.0,0.8,1.3,data/existing_infrastructure/onwind_capacity.csv: 2010+2015+2020+2025,Linear_interpolation_2035_2060
Onshore wind,onwind,Shanghai,2055,0.001685,6673.660585,5338.928468,8675.75876,3960000.0,0.8,1.3,data/existing_infrastructure/onwind_capacity.csv: 2010+2015+2020+2025,Linear_interpolation_2035_2060
Onshore wind,onwind,Shanxi,2055,0.047324,187402.655446,149922.124357,243623.452079,3960000.0,0.8,1.3,data/existing_infrastructure/onwind_capacity.csv: 2010+2015+2020+2025,Linear_interpolation_2035_2060
Onshore wind,onwind,Sichuan,2055,0.017905,70903.154934,56722.523947,92174.101414,3960000.0,0.8,1.3,data/existing_infrastructure/onwind_capacity.csv: 2010+2015+2020+2025,Linear_interpolation_2035_2060
Onshore wind,onwind,Tianjin,2055,0.003589,14213.095589,11370.476471,18477.024266,3960000.0,0.8,1.3,data/existing_infrastructure/onwind_capacity.csv: 2010+2015+2020+2025,Linear_interpolation_2035_2060
Onshore wind,onwind,Tibet,2055,0.000225,892.825024,714.260019,1160.672531,3960000.0,0.8,1.3,data/existing_infrastructure/onwind_capacity.csv: 2010+2015+2020+2025,Linear_interpolation_2035_2060
Onshore wind,onwind,Xinjiang,2055,0.08812,348956.668761,279165.335009,453643.669389,3960000.0,0.8,1.3,data/existing_infrastructure/onwind_capacity.csv: 2010+2015+2020+2025,Linear_interpolation_2035_2060
Onshore wind,onwind,Yunnan,2055,0.038661,153097.416791,122477.933433,199026.641828,3960000.0,0.8,1.3,data/existing_infrastructure/onwind_capacity.csv: 2010+2015+2020+2025,Linear_interpolation_2035_2060
Onshore wind,onwind,Zhejiang,2055,0.006012,23808.738377,19046.990702,30951.35989,3960000.0,0.8,1.3,data/existing_infrastructure/onwind_capacity.csv: 2010+2015+2020+2025,Linear_interpolation_2035_2060
Onshore wind,onwind,Anhui,2060,0.016083,72373.157812,57898.52625,94085.105156,4500000.0,0.8,1.3,data/existing_infrastructure/onwind_capacity.csv: 2010+2015+2020+2025,Wind_Beijing_Declaration_2_0_total_5000GW_split_assumption
Onshore wind,onwind,Beijing,2060,0.000847,3812.351606,3049.881285,4956.057088,4500000.0,0.8,1.3,data/existing_infrastructure/onwind_capacity.csv: 2010+2015+2020+2025,Wind_Beijing_Declaration_2_0_total_5000GW_split_assumption
Onshore wind,onwind,Chongqing,2060,0.003749,16868.625583,13494.900467,21929.213259,4500000.0,0.8,1.3,data/existing_infrastructure/onwind_capacity.csv: 2010+2015+2020+2025,Wind_Beijing_Declaration_2_0_total_5000GW_split_assumption
Onshore wind,onwind,Fujian,2060,0.024881,111966.749305,89573.399444,145556.774097,4500000.0,0.8,1.3,data/existing_infrastructure/onwind_capacity.csv: 2010+2015+2020+2025,Wind_Beijing_Declaration_2_0_total_5000GW_split_assumption
Onshore wind,onwind,Gansu,2060,0.062011,279047.841181,223238.272945,362762.193535,4500000.0,0.8,1.3,data/existing_infrastructure/onwind_capacity.csv: 2010+2015+2020+2025,Wind_Beijing_Declaration_2_0_total_5000GW_split_assumption
Onshore wind,onwind,Guangdong,2060,0.044705,201174.349341,160939.479473,261526.654143,4500000.0,0.8,1.3,data/existing_infrastructure/onwind_capacity.csv: 2010+2015+2020+2025,Wind_Beijing_Declaration_2_0_total_5000GW_split_assumption
Onshore wind,onwind,Guangxi,2060,0.020647,92910.660352,74328.528281,120783.858457,4500000.0,0.8,1.3,data/existing_infrastructure/onwind_capacity.csv: 2010+2015+2020+2025,Wind_Beijing_Declaration_2_0_total_5000GW_split_assumption
Onshore wind,onwind,Guizhou,2060,0.020588,92644.20638,74115.365104,120437.468294,4500000.0,0.8,1.3,data/existing_infrastructure/onwind_capacity.csv: 2010+2015+2020+2025,Wind_Beijing_Declaration_2_0_total_5000GW_split_assumption
Onshore wind,onwind,Hainan,2060,0.00113,5083.135475,4066.50838,6608.076117,4500000.0,0.8,1.3,data/existing_infrastructure/onwind_capacity.csv: 2010+2015+2020+2025,Wind_Beijing_Declaration_2_0_total_5000GW_split_assumption
Onshore wind,onwind,Hebei,2060,0.070677,318045.621473,254436.497178,413459.307915,4500000.0,0.8,1.3,data/existing_infrastructure/onwind_capacity.csv: 2010+2015+2020+2025,Wind_Beijing_Declaration_2_0_total_5000GW_split_assumption
Onshore wind,onwind,Heilongjiang,2060,0.027867,125403.108473,100322.486778,163024.041014,4500000.0,0.8,1.3,data/existing_infrastructure/onwind_capacity.csv: 2010+2015+2020+2025,Wind_Beijing_Declaration_2_0_total_5000GW_split_assumption
Onshore wind,onwind,Henan,2060,0.047452,213532.592487,170826.073989,277592.370233,4500000.0,0.8,1.3,data/existing_infrastructure/onwind_capacity.csv: 2010+2015+2020+2025,Wind_Beijing_Declaration_2_0_total_5000GW_split_assumption
Onshore wind,onwind,Hubei,2060,0.020738,93320.588974,74656.471179,121316.765666,4500000.0,0.8,1.3,data/existing_infrastructure/onwind_capacity.csv: 2010+2015+2020+2025,Wind_Beijing_Declaration_2_0_total_5000GW_split_assumption
Onshore wind,onwind,Hunan,2060,0.030034,135153.957964,108123.166371,175700.145353,4500000.0,0.8,1.3,data/existing_infrastructure/onwind_capacity.csv: 2010+2015+2020+2025,Wind_Beijing_Declaration_2_0_total_5000GW_split_assumption
Onshore wind,onwind,InnerMongolia,2060,0.138657,623958.316245,499166.652996,811145.811118,4500000.0,0.8,1.3,data/existing_infrastructure/onwind_capacity.csv: 2010+2015+2020+2025,Wind_Beijing_Declaration_2_0_total_5000GW_split_assumption
Onshore wind,onwind,Jiangsu,2060,0.034575,155586.810219,124469.448175,202262.853285,4500000.0,0.8,1.3,data/existing_infrastructure/onwind_capacity.csv: 2010+2015+2020+2025,Wind_Beijing_Declaration_2_0_total_5000GW_split_assumption
Onshore wind,onwind,Jiangxi,2060,0.018465,83092.832035,66474.265628,108020.681645,4500000.0,0.8,1.3,data/existing_infrastructure/onwind_capacity.csv: 2010+2015+2020+2025,Wind_Beijing_Declaration_2_0_total_5000GW_split_assumption
Onshore wind,onwind,Jilin,2060,0.023803,107114.738877,85691.791101,139249.16054,4500000.0,0.8,1.3,data/existing_infrastructure/onwind_capacity.csv: 2010+2015+2020+2025,Wind_Beijing_Declaration_2_0_total_5000GW_split_assumption
Onshore wind,onwind,Liaoning,2060,0.03736,168122.101877,134497.681502,218558.73244,4500000.0,0.8,1.3,data/existing_infrastructure/onwind_capacity.csv: 2010+2015+2020+2025,Wind_Beijing_Declaration_2_0_total_5000GW_split_assumption
Onshore wind,onwind,Ningxia,2060,0.051897,233537.187083,186829.749666,303598.343208,4500000.0,0.8,1.3,data/existing_infrastructure/onwind_capacity.csv: 2010+2015+2020+2025,Wind_Beijing_Declaration_2_0_total_5000GW_split_assumption
Onshore wind,onwind,Qinghai,2060,0.030818,138679.360269,110943.488215,180283.16835,4500000.0,0.8,1.3,data/existing_infrastructure/onwind_capacity.csv: 2010+2015+2020+2025,Wind_Beijing_Declaration_2_0_total_5000GW_split_assumption
Onshore wind,onwind,Shaanxi,2060,0.030663,137982.475002,110385.980002,179377.217503,4500000.0,0.8,1.3,data/existing_infrastructure/onwind_capacity.csv: 2010+2015+2020+2025,Wind_Beijing_Declaration_2_0_total_5000GW_split_assumption
Onshore wind,onwind,Shandong,2060,0.038831,174738.987094,139791.189675,227160.683222,4500000.0,0.8,1.3,data/existing_infrastructure/onwind_capacity.csv: 2010+2015+2020+2025,Wind_Beijing_Declaration_2_0_total_5000GW_split_assumption
Onshore wind,onwind,Shanghai,2060,0.001685,7583.70521,6066.964168,9858.816773,4500000.0,0.8,1.3,data/existing_infrastructure/onwind_capacity.csv: 2010+2015+2020+2025,Wind_Beijing_Declaration_2_0_total_5000GW_split_assumption
Onshore wind,onwind,Shanxi,2060,0.047324,212957.563006,170366.050405,276844.831908,4500000.0,0.8,1.3,data/existing_infrastructure/onwind_capacity.csv: 2010+2015+2020+2025,Wind_Beijing_Declaration_2_0_total_5000GW_split_assumption
Onshore wind,onwind,Sichuan,2060,0.017905,80571.76697,64457.413576,104743.297062,4500000.0,0.8,1.3,data/existing_infrastructure/onwind_capacity.csv: 2010+2015+2020+2025,Wind_Beijing_Declaration_2_0_total_5000GW_split_assumption
Onshore wind,onwind,Tianjin,2060,0.003589,16151.244987,12920.99599,20996.618484,4500000.0,0.8,1.3,data/existing_infrastructure/onwind_capacity.csv: 2010+2015+2020+2025,Wind_Beijing_Declaration_2_0_total_5000GW_split_assumption
Onshore wind,onwind,Tibet,2060,0.000225,1014.57389,811.659112,1318.946057,4500000.0,0.8,1.3,data/existing_infrastructure/onwind_capacity.csv: 2010+2015+2020+2025,Wind_Beijing_Declaration_2_0_total_5000GW_split_assumption
Onshore wind,onwind,Xinjiang,2060,0.08812,396541.669047,317233.335237,515504.16976,4500000.0,0.8,1.3,data/existing_infrastructure/onwind_capacity.csv: 2010+2015+2020+2025,Wind_Beijing_Declaration_2_0_total_5000GW_split_assumption
Onshore wind,onwind,Yunnan,2060,0.038661,173974.337262,139179.46981,226166.638441,4500000.0,0.8,1.3,data/existing_infrastructure/onwind_capacity.csv: 2010+2015+2020+2025,Wind_Beijing_Declaration_2_0_total_5000GW_split_assumption
Onshore wind,onwind,Zhejiang,2060,0.006012,27055.38452,21644.307616,35171.999876,4500000.0,0.8,1.3,data/existing_infrastructure/onwind_capacity.csv: 2010+2015+2020+2025,Wind_Beijing_Declaration_2_0_total_5000GW_split_assumption
Solar PV,solar,Anhui,2025,0.048343,58012.175434,46409.740347,75415.828065,1200000.0,0.8,1.3,data/existing_infrastructure/solar_capacity.csv: 2010+2015+2020+2025,NEA_2025_renewable_grid_connected_statistics
Solar PV,solar,Beijing,2025,0.001711,2053.537774,1642.83022,2669.599107,1200000.0,0.8,1.3,data/existing_infrastructure/solar_capacity.csv: 2010+2015+2020+2025,NEA_2025_renewable_grid_connected_statistics
Solar PV,solar,Chongqing,2025,0.004786,5743.505131,4594.804105,7466.556671,1200000.0,0.8,1.3,data/existing_infrastructure/solar_capacity.csv: 2010+2015+2020+2025,NEA_2025_renewable_grid_connected_statistics
Solar PV,solar,Fujian,2025,0.014522,17426.801602,13941.441281,22654.842082,1200000.0,0.8,1.3,data/existing_infrastructure/solar_capacity.csv: 2010+2015+2020+2025,NEA_2025_renewable_grid_connected_statistics
Solar PV,solar,Gansu,2025,0.032431,38916.941064,31133.552851,50592.023384,1200000.0,0.8,1.3,data/existing_infrastructure/solar_capacity.csv: 2010+2015+2020+2025,NEA_2025_renewable_grid_connected_statistics
Solar PV,solar,Guangdong,2025,0.052352,62822.254304,50257.803444,81668.930596,1200000.0,0.8,1.3,data/existing_infrastructure/solar_capacity.csv: 2010+2015+2020+2025,NEA_2025_renewable_grid_connected_statistics
Solar PV,solar,Guangxi,2025,0.026299,31558.341808,25246.673447,41025.844351,1200000.0,0.8,1.3,data/existing_infrastructure/solar_capacity.csv: 2010+2015+2020+2025,NEA_2025_renewable_grid_connected_statistics
Solar PV,solar,Guizhou,2025,0.02461,29531.473356,23625.178684,38390.915362,1200000.0,0.8,1.3,data/existing_infrastructure/solar_capacity.csv: 2010+2015+2020+2025,NEA_2025_renewable_grid_connected_statistics
Solar PV,solar,Hainan,2025,0.008426,10110.87326,8088.698608,13144.135238,1200000.0,0.8,1.3,data/existing_infrastructure/solar_capacity.csv: 2010+2015+2020+2025,NEA_2025_renewable_grid_connected_statistics
Solar PV,solar,Hebei,2025,0.07247,86964.391122,69571.512897,113053.708458,1200000.0,0.8,1.3,data/existing_infrastructure/solar_capacity.csv: 2010+2015+2020+2025,NEA_2025_renewable_grid_connected_statistics
Solar PV,solar,Heilongjiang,2025,0.007676,9211.583731,7369.266985,11975.05885,1200000.0,0.8,1.3,data/existing_infrastructure/solar_capacity.csv: 2010+2015+2020+2025,NEA_2025_renewable_grid_connected_statistics
Solar PV,solar,Henan,2025,0.046739,56086.650404,44869.320323,72912.645526,1200000.0,0.8,1.3,data/existing_infrastructure/solar_capacity.csv: 2010+2015+2020+2025,NEA_2025_renewable_grid_connected_statistics
Solar PV,solar,Hubei,2025,0.038782,46537.966446,37230.373157,60499.35638,1200000.0,0.8,1.3,data/existing_infrastructure/solar_capacity.csv: 2010+2015+2020+2025,NEA_2025_renewable_grid_connected_statistics
Solar PV,solar,Hunan,2025,0.023265,27918.512776,22334.810221,36294.066609,1200000.0,0.8,1.3,data/existing_infrastructure/solar_capacity.csv: 2010+2015+2020+2025,NEA_2025_renewable_grid_connected_statistics
Solar PV,solar,InnerMongolia,2025,0.045255,54306.206485,43444.965188,70598.06843,1200000.0,0.8,1.3,data/existing_infrastructure/solar_capacity.csv: 2010+2015+2020+2025,NEA_2025_renewable_grid_connected_statistics
Solar PV,solar,Jiangsu,2025,0.076554,91865.145686,73492.116548,119424.689391,1200000.0,0.8,1.3,data/existing_infrastructure/solar_capacity.csv: 2010+2015+2020+2025,NEA_2025_renewable_grid_connected_statistics
Solar PV,solar,Jiangxi,2025,0.024987,29984.851825,23987.88146,38980.307373,1200000.0,0.8,1.3,data/existing_infrastructure/solar_capacity.csv: 2010+2015+2020+2025,NEA_2025_renewable_grid_connected_statistics
Solar PV,solar,Jilin,2025,0.006234,7480.211363,5984.169091,9724.274772,1200000.0,0.8,1.3,data/existing_infrastructure/solar_capacity.csv: 2010+2015+2020+2025,NEA_2025_renewable_grid_connected_statistics
Solar PV,solar,Liaoning,2025,0.013438,16125.3387,12900.27096,20962.940311,1200000.0,0.8,1.3,data/existing_infrastructure/solar_capacity.csv: 2010+2015+2020+2025,NEA_2025_renewable_grid_connected_statistics
Solar PV,solar,Ningxia,2025,0.031384,37661.349397,30129.079517,48959.754216,1200000.0,0.8,1.3,data/existing_infrastructure/solar_capacity.csv: 2010+2015+2020+2025,NEA_2025_renewable_grid_connected_statistics
Solar PV,solar,Qinghai,2025,0.034392,41270.242015,33016.193612,53651.31462,1200000.0,0.8,1.3,data/existing_infrastructure/solar_capacity.csv: 2010+2015+2020+2025,NEA_2025_renewable_grid_connected_statistics
Solar PV,solar,Shaanxi,2025,0.036011,43212.835411,34570.268329,56176.686035,1200000.0,0.8,1.3,data/existing_infrastructure/solar_capacity.csv: 2010+2015+2020+2025,NEA_2025_renewable_grid_connected_statistics
Solar PV,solar,Shandong,2025,0.081544,97852.941804,78282.353443,127208.824345,1200000.0,0.8,1.3,data/existing_infrastructure/solar_capacity.csv: 2010+2015+2020+2025,NEA_2025_renewable_grid_connected_statistics
Solar PV,solar,Shanghai,2025,0.00508,6095.540178,4876.432143,7924.202232,1200000.0,0.8,1.3,data/existing_infrastructure/solar_capacity.csv: 2010+2015+2020+2025,NEA_2025_renewable_grid_connected_statistics
Solar PV,solar,Shanxi,2025,0.042979,51574.201165,41259.360932,67046.461514,1200000.0,0.8,1.3,data/existing_infrastructure/solar_capacity.csv: 2010+2015+2020+2025,NEA_2025_renewable_grid_connected_statistics
Solar PV,solar,Sichuan,2025,0.014568,17481.207018,13984.965614,22725.569123,1200000.0,0.8,1.3,data/existing_infrastructure/solar_capacity.csv: 2010+2015+2020+2025,NEA_2025_renewable_grid_connected_statistics
Solar PV,solar,Tianjin,2025,0.00878,10535.448862,8428.35909,13696.083521,1200000.0,0.8,1.3,data/existing_infrastructure/solar_capacity.csv: 2010+2015+2020+2025,NEA_2025_renewable_grid_connected_statistics
Solar PV,solar,Tibet,2025,0.004791,5748.838996,4599.071196,7473.490694,1200000.0,0.8,1.3,data/existing_infrastructure/solar_capacity.csv: 2010+2015+2020+2025,NEA_2025_renewable_grid_connected_statistics
Solar PV,solar,Xinjiang,2025,0.071083,85299.158672,68239.326937,110888.906273,1200000.0,0.8,1.3,data/existing_infrastructure/solar_capacity.csv: 2010+2015+2020+2025,NEA_2025_renewable_grid_connected_statistics
Solar PV,solar,Yunnan,2025,0.046232,55478.589869,44382.871895,72122.166829,1200000.0,0.8,1.3,data/existing_infrastructure/solar_capacity.csv: 2010+2015+2020+2025,NEA_2025_renewable_grid_connected_statistics
Solar PV,solar,Zhejiang,2025,0.054277,65132.88434,52106.307472,84672.749643,1200000.0,0.8,1.3,data/existing_infrastructure/solar_capacity.csv: 2010+2015+2020+2025,NEA_2025_renewable_grid_connected_statistics
Solar PV,solar,Anhui,2026,0.048343,66714.00175,53371.2014,86728.202274,1380000.0,0.8,1.3,data/existing_infrastructure/solar_capacity.csv: 2010+2015+2020+2025,CPIA_2026_additions_180_240GW_general_case_180GW
Solar PV,solar,Beijing,2026,0.001711,2361.568441,1889.254752,3070.038973,1380000.0,0.8,1.3,data/existing_infrastructure/solar_capacity.csv: 2010+2015+2020+2025,CPIA_2026_additions_180_240GW_general_case_180GW
Solar PV,solar,Chongqing,2026,0.004786,6605.030901,5284.024721,8586.540171,1380000.0,0.8,1.3,data/existing_infrastructure/solar_capacity.csv: 2010+2015+2020+2025,CPIA_2026_additions_180_240GW_general_case_180GW
Solar PV,solar,Fujian,2026,0.014522,20040.821842,16032.657473,26053.068394,1380000.0,0.8,1.3,data/existing_infrastructure/solar_capacity.csv: 2010+2015+2020+2025,CPIA_2026_additions_180_240GW_general_case_180GW
Solar PV,solar,Gansu,2026,0.032431,44754.482224,35803.585779,58180.826891,1380000.0,0.8,1.3,data/existing_infrastructure/solar_capacity.csv: 2010+2015+2020+2025,CPIA_2026_additions_180_240GW_general_case_180GW
Solar PV,solar,Guangdong,2026,0.052352,72245.59245,57796.47396,93919.270185,1380000.0,0.8,1.3,data/existing_infrastructure/solar_capacity.csv: 2010+2015+2020+2025,CPIA_2026_additions_180_240GW_general_case_180GW
Solar PV,solar,Guangxi,2026,0.026299,36292.093079,29033.674464,47179.721003,1380000.0,0.8,1.3,data/existing_infrastructure/solar_capacity.csv: 2010+2015+2020+2025,CPIA_2026_additions_180_240GW_general_case_180GW
Solar PV,solar,Guizhou,2026,0.02461,33961.194359,27168.955487,44149.552667,1380000.0,0.8,1.3,data/existing_infrastructure/solar_capacity.csv: 2010+2015+2020+2025,CPIA_2026_additions_180_240GW_general_case_180GW
Solar PV,solar,Hainan,2026,0.008426,11627.504249,9302.003399,15115.755524,1380000.0,0.8,1.3,data/existing_infrastructure/solar_capacity.csv: 2010+2015+2020+2025,CPIA_2026_additions_180_240GW_general_case_180GW
Solar PV,solar,Hebei,2026,0.07247,100009.04979,80007.239832,130011.764727,1380000.0,0.8,1.3,data/existing_infrastructure/solar_capacity.csv: 2010+2015+2020+2025,CPIA_2026_additions_180_240GW_general_case_180GW
Solar PV,solar,Heilongjiang,2026,0.007676,10593.321291,8474.657033,13771.317678,1380000.0,0.8,1.3,data/existing_infrastructure/solar_capacity.csv: 2010+2015+2020+2025,CPIA_2026_additions_180_240GW_general_case_180GW
Solar PV,solar,Henan,2026,0.046739,64499.647965,51599.718372,83849.542354,1380000.0,0.8,1.3,data/existing_infrastructure/solar_capacity.csv: 2010+2015+2020+2025,CPIA_2026_additions_180_240GW_general_case_180GW
Solar PV,solar,Hubei,2026,0.038782,53518.661413,42814.929131,69574.259837,1380000.0,0.8,1.3,data/existing_infrastructure/solar_capacity.csv: 2010+2015+2020+2025,CPIA_2026_additions_180_240GW_general_case_180GW
Solar PV,solar,Hunan,2026,0.023265,32106.289693,25685.031754,41738.176601,1380000.0,0.8,1.3,data/existing_infrastructure/solar_capacity.csv: 2010+2015+2020+2025,CPIA_2026_additions_180_240GW_general_case_180GW
Solar PV,solar,InnerMongolia,2026,0.045255,62452.137457,49961.709966,81187.778694,1380000.0,0.8,1.3,data/existing_infrastructure/solar_capacity.csv: 2010+2015+2020+2025,CPIA_2026_additions_180_240GW_general_case_180GW
Solar PV,solar,Jiangsu,2026,0.076554,105644.917538,84515.934031,137338.3928,1380000.0,0.8,1.3,data/existing_infrastructure/solar_capacity.csv: 2010+2015+2020+2025,CPIA_2026_additions_180_240GW_general_case_180GW
Solar PV,solar,Jiangxi,2026,0.024987,34482.579599,27586.063679,44827.353479,1380000.0,0.8,1.3,data/existing_infrastructure/solar_capacity.csv: 2010+2015+2020+2025,CPIA_2026_additions_180_240GW_general_case_180GW
Solar PV,solar,Jilin,2026,0.006234,8602.243068,6881.794454,11182.915988,1380000.0,0.8,1.3,data/existing_infrastructure/solar_capacity.csv: 2010+2015+2020+2025,CPIA_2026_additions_180_240GW_general_case_180GW
Solar PV,solar,Liaoning,2026,0.013438,18544.139505,14835.311604,24107.381357,1380000.0,0.8,1.3,data/existing_infrastructure/solar_capacity.csv: 2010+2015+2020+2025,CPIA_2026_additions_180_240GW_general_case_180GW
Solar PV,solar,Ningxia,2026,0.031384,43310.551806,34648.441445,56303.717348,1380000.0,0.8,1.3,data/existing_infrastructure/solar_capacity.csv: 2010+2015+2020+2025,CPIA_2026_additions_180_240GW_general_case_180GW
Solar PV,solar,Qinghai,2026,0.034392,47460.778317,37968.622654,61699.011813,1380000.0,0.8,1.3,data/existing_infrastructure/solar_capacity.csv: 2010+2015+2020+2025,CPIA_2026_additions_180_240GW_general_case_180GW
Solar PV,solar,Shaanxi,2026,0.036011,49694.760723,39755.808578,64603.18894,1380000.0,0.8,1.3,data/existing_infrastructure/solar_capacity.csv: 2010+2015+2020+2025,CPIA_2026_additions_180_240GW_general_case_180GW
Solar PV,solar,Shandong,2026,0.081544,112530.883075,90024.70646,146290.147997,1380000.0,0.8,1.3,data/existing_infrastructure/solar_capacity.csv: 2010+2015+2020+2025,CPIA_2026_additions_180_240GW_general_case_180GW
Solar PV,solar,Shanghai,2026,0.00508,7009.871205,5607.896964,9112.832566,1380000.0,0.8,1.3,data/existing_infrastructure/solar_capacity.csv: 2010+2015+2020+2025,CPIA_2026_additions_180_240GW_general_case_180GW
Solar PV,solar,Shanxi,2026,0.042979,59310.33134,47448.265072,77103.430742,1380000.0,0.8,1.3,data/existing_infrastructure/solar_capacity.csv: 2010+2015+2020+2025,CPIA_2026_additions_180_240GW_general_case_180GW
Solar PV,solar,Sichuan,2026,0.014568,20103.388071,16082.710457,26134.404492,1380000.0,0.8,1.3,data/existing_infrastructure/solar_capacity.csv: 2010+2015+2020+2025,CPIA_2026_additions_180_240GW_general_case_180GW
Solar PV,solar,Tianjin,2026,0.00878,12115.766192,9692.612953,15750.496049,1380000.0,0.8,1.3,data/existing_infrastructure/solar_capacity.csv: 2010+2015+2020+2025,CPIA_2026_additions_180_240GW_general_case_180GW
Solar PV,solar,Tibet,2026,0.004791,6611.164845,5288.931876,8594.514298,1380000.0,0.8,1.3,data/existing_infrastructure/solar_capacity.csv: 2010+2015+2020+2025,CPIA_2026_additions_180_240GW_general_case_180GW
Solar PV,solar,Xinjiang,2026,0.071083,98094.032473,78475.225978,127522.242214,1380000.0,0.8,1.3,data/existing_infrastructure/solar_capacity.csv: 2010+2015+2020+2025,CPIA_2026_additions_180_240GW_general_case_180GW
Solar PV,solar,Yunnan,2026,0.046232,63800.378349,51040.302679,82940.491853,1380000.0,0.8,1.3,data/existing_infrastructure/solar_capacity.csv: 2010+2015+2020+2025,CPIA_2026_additions_180_240GW_general_case_180GW
Solar PV,solar,Zhejiang,2026,0.054277,74902.816992,59922.253593,97373.662089,1380000.0,0.8,1.3,data/existing_infrastructure/solar_capacity.csv: 2010+2015+2020+2025,CPIA_2026_additions_180_240GW_general_case_180GW
Solar PV,solar,Anhui,2030,0.048343,115540.916073,92432.732859,150203.190895,2390000.0,0.8,1.3,data/existing_infrastructure/solar_capacity.csv: 2010+2015+2020+2025,CPIA_15th_Five_annual_avg_addition_238_287GW_general_case_238GW
Solar PV,solar,Beijing,2030,0.001711,4089.962734,3271.970187,5316.951554,2390000.0,0.8,1.3,data/existing_infrastructure/solar_capacity.csv: 2010+2015+2020+2025,CPIA_15th_Five_annual_avg_addition_238_287GW_general_case_238GW
Solar PV,solar,Chongqing,2030,0.004786,11439.14772,9151.318176,14870.892035,2390000.0,0.8,1.3,data/existing_infrastructure/solar_capacity.csv: 2010+2015+2020+2025,CPIA_15th_Five_annual_avg_addition_238_287GW_general_case_238GW
Solar PV,solar,Fujian,2030,0.014522,34708.379856,27766.703885,45120.893813,2390000.0,0.8,1.3,data/existing_infrastructure/solar_capacity.csv: 2010+2015+2020+2025,CPIA_15th_Five_annual_avg_addition_238_287GW_general_case_238GW
Solar PV,solar,Gansu,2030,0.032431,77509.574287,62007.659429,100762.446572,2390000.0,0.8,1.3,data/existing_infrastructure/solar_capacity.csv: 2010+2015+2020+2025,CPIA_15th_Five_annual_avg_addition_238_287GW_general_case_238GW
Solar PV,solar,Guangdong,2030,0.052352,125120.989823,100096.791858,162657.28677,2390000.0,0.8,1.3,data/existing_infrastructure/solar_capacity.csv: 2010+2015+2020+2025,CPIA_15th_Five_annual_avg_addition_238_287GW_general_case_238GW
Solar PV,solar,Guangxi,2030,0.026299,62853.697435,50282.957948,81709.806665,2390000.0,0.8,1.3,data/existing_infrastructure/solar_capacity.csv: 2010+2015+2020+2025,CPIA_15th_Five_annual_avg_addition_238_287GW_general_case_238GW
Solar PV,solar,Guizhou,2030,0.02461,58816.8511,47053.48088,76461.90643,2390000.0,0.8,1.3,data/existing_infrastructure/solar_capacity.csv: 2010+2015+2020+2025,CPIA_15th_Five_annual_avg_addition_238_287GW_general_case_238GW
Solar PV,solar,Hainan,2030,0.008426,20137.489243,16109.991395,26178.736016,2390000.0,0.8,1.3,data/existing_infrastructure/solar_capacity.csv: 2010+2015+2020+2025,CPIA_15th_Five_annual_avg_addition_238_287GW_general_case_238GW
Solar PV,solar,Hebei,2030,0.07247,173204.078984,138563.263187,225165.302679,2390000.0,0.8,1.3,data/existing_infrastructure/solar_capacity.csv: 2010+2015+2020+2025,CPIA_15th_Five_annual_avg_addition_238_287GW_general_case_238GW
Solar PV,solar,Heilongjiang,2030,0.007676,18346.404264,14677.123411,23850.325544,2390000.0,0.8,1.3,data/existing_infrastructure/solar_capacity.csv: 2010+2015+2020+2025,CPIA_15th_Five_annual_avg_addition_238_287GW_general_case_238GW
Solar PV,solar,Henan,2030,0.046739,111705.912055,89364.729644,145217.685672,2390000.0,0.8,1.3,data/existing_infrastructure/solar_capacity.csv: 2010+2015+2020+2025,CPIA_15th_Five_annual_avg_addition_238_287GW_general_case_238GW
Solar PV,solar,Hubei,2030,0.038782,92688.116506,74150.493205,120494.551458,2390000.0,0.8,1.3,data/existing_infrastructure/solar_capacity.csv: 2010+2015+2020+2025,CPIA_15th_Five_annual_avg_addition_238_287GW_general_case_238GW
Solar PV,solar,Hunan,2030,0.023265,55604.37128,44483.497024,72285.682664,2390000.0,0.8,1.3,data/existing_infrastructure/solar_capacity.csv: 2010+2015+2020+2025,CPIA_15th_Five_annual_avg_addition_238_287GW_general_case_238GW
Solar PV,solar,InnerMongolia,2030,0.045255,108159.861248,86527.888999,140607.819623,2390000.0,0.8,1.3,data/existing_infrastructure/solar_capacity.csv: 2010+2015+2020+2025,CPIA_15th_Five_annual_avg_addition_238_287GW_general_case_238GW
Solar PV,solar,Jiangsu,2030,0.076554,182964.748491,146371.798792,237854.173038,2390000.0,0.8,1.3,data/existing_infrastructure/solar_capacity.csv: 2010+2015+2020+2025,CPIA_15th_Five_annual_avg_addition_238_287GW_general_case_238GW
Solar PV,solar,Jiangxi,2030,0.024987,59719.829885,47775.863908,77635.778851,2390000.0,0.8,1.3,data/existing_infrastructure/solar_capacity.csv: 2010+2015+2020+2025,CPIA_15th_Five_annual_avg_addition_238_287GW_general_case_238GW
Solar PV,solar,Jilin,2030,0.006234,14898.087632,11918.470105,19367.513921,2390000.0,0.8,1.3,data/existing_infrastructure/solar_capacity.csv: 2010+2015+2020+2025,CPIA_15th_Five_annual_avg_addition_238_287GW_general_case_238GW
Solar PV,solar,Liaoning,2030,0.013438,32116.299578,25693.039663,41751.189452,2390000.0,0.8,1.3,data/existing_infrastructure/solar_capacity.csv: 2010+2015+2020+2025,CPIA_15th_Five_annual_avg_addition_238_287GW_general_case_238GW
Solar PV,solar,Ningxia,2030,0.031384,75008.854215,60007.083372,97511.510479,2390000.0,0.8,1.3,data/existing_infrastructure/solar_capacity.csv: 2010+2015+2020+2025,CPIA_15th_Five_annual_avg_addition_238_287GW_general_case_238GW
Solar PV,solar,Qinghai,2030,0.034392,82196.565347,65757.252278,106855.534951,2390000.0,0.8,1.3,data/existing_infrastructure/solar_capacity.csv: 2010+2015+2020+2025,CPIA_15th_Five_annual_avg_addition_238_287GW_general_case_238GW
Solar PV,solar,Shaanxi,2030,0.036011,86065.563861,68852.451088,111885.233019,2390000.0,0.8,1.3,data/existing_infrastructure/solar_capacity.csv: 2010+2015+2020+2025,CPIA_15th_Five_annual_avg_addition_238_287GW_general_case_238GW
Solar PV,solar,Shandong,2030,0.081544,194890.442426,155912.353941,253357.575154,2390000.0,0.8,1.3,data/existing_infrastructure/solar_capacity.csv: 2010+2015+2020+2025,CPIA_15th_Five_annual_avg_addition_238_287GW_general_case_238GW
Solar PV,solar,Shanghai,2030,0.00508,12140.284188,9712.227351,15782.369445,2390000.0,0.8,1.3,data/existing_infrastructure/solar_capacity.csv: 2010+2015+2020+2025,CPIA_15th_Five_annual_avg_addition_238_287GW_general_case_238GW
Solar PV,solar,Shanxi,2030,0.042979,102718.61732,82174.893856,133534.202516,2390000.0,0.8,1.3,data/existing_infrastructure/solar_capacity.csv: 2010+2015+2020+2025,CPIA_15th_Five_annual_avg_addition_238_287GW_general_case_238GW
Solar PV,solar,Sichuan,2030,0.014568,34816.737311,27853.389849,45261.758504,2390000.0,0.8,1.3,data/existing_infrastructure/solar_capacity.csv: 2010+2015+2020+2025,CPIA_15th_Five_annual_avg_addition_238_287GW_general_case_238GW
Solar PV,solar,Tianjin,2030,0.00878,20983.102318,16786.481854,27278.033013,2390000.0,0.8,1.3,data/existing_infrastructure/solar_capacity.csv: 2010+2015+2020+2025,CPIA_15th_Five_annual_avg_addition_238_287GW_general_case_238GW
Solar PV,solar,Tibet,2030,0.004791,11449.770999,9159.8168,14884.702299,2390000.0,0.8,1.3,data/existing_infrastructure/solar_capacity.csv: 2010+2015+2020+2025,CPIA_15th_Five_annual_avg_addition_238_287GW_general_case_238GW
Solar PV,solar,Xinjiang,2030,0.071083,169887.491021,135909.992817,220853.738328,2390000.0,0.8,1.3,data/existing_infrastructure/solar_capacity.csv: 2010+2015+2020+2025,CPIA_15th_Five_annual_avg_addition_238_287GW_general_case_238GW
Solar PV,solar,Yunnan,2030,0.046232,110494.858155,88395.886524,143643.315601,2390000.0,0.8,1.3,data/existing_infrastructure/solar_capacity.csv: 2010+2015+2020+2025,CPIA_15th_Five_annual_avg_addition_238_287GW_general_case_238GW
Solar PV,solar,Zhejiang,2030,0.054277,129722.994645,103778.395716,168639.893038,2390000.0,0.8,1.3,data/existing_infrastructure/solar_capacity.csv: 2010+2015+2020+2025,CPIA_15th_Five_annual_avg_addition_238_287GW_general_case_238GW
Solar PV,solar,Anhui,2035,0.048343,173069.656712,138455.72537,224990.553726,3580000.0,0.8,1.3,data/existing_infrastructure/solar_capacity.csv: 2010+2015+2020+2025,Post_2030_extension_keep_annual_addition_238GW
Solar PV,solar,Beijing,2035,0.001711,6126.387694,4901.110155,7964.304002,3580000.0,0.8,1.3,data/existing_infrastructure/solar_capacity.csv: 2010+2015+2020+2025,Post_2030_extension_keep_annual_addition_238GW
Solar PV,solar,Chongqing,2035,0.004786,17134.790308,13707.832246,22275.2274,3580000.0,0.8,1.3,data/existing_infrastructure/solar_capacity.csv: 2010+2015+2020+2025,Post_2030_extension_keep_annual_addition_238GW
Solar PV,solar,Fujian,2035,0.014522,51989.958111,41591.966489,67586.945545,3580000.0,0.8,1.3,data/existing_infrastructure/solar_capacity.csv: 2010+2015+2020+2025,Post_2030_extension_keep_annual_addition_238GW
Solar PV,solar,Gansu,2035,0.032431,116102.207509,92881.766007,150932.869761,3580000.0,0.8,1.3,data/existing_infrastructure/solar_capacity.csv: 2010+2015+2020+2025,Post_2030_extension_keep_annual_addition_238GW
Solar PV,solar,Guangdong,2035,0.052352,187419.725342,149935.780273,243645.642944,3580000.0,0.8,1.3,data/existing_infrastructure/solar_capacity.csv: 2010+2015+2020+2025,Post_2030_extension_keep_annual_addition_238GW
Solar PV,solar,Guangxi,2035,0.026299,94149.053061,75319.242449,122393.76898,3580000.0,0.8,1.3,data/existing_infrastructure/solar_capacity.csv: 2010+2015+2020+2025,Post_2030_extension_keep_annual_addition_238GW
Solar PV,solar,Guizhou,2035,0.02461,88102.228844,70481.783075,114532.897497,3580000.0,0.8,1.3,data/existing_infrastructure/solar_capacity.csv: 2010+2015+2020+2025,Post_2030_extension_keep_annual_addition_238GW
Solar PV,solar,Hainan,2035,0.008426,30164.105226,24131.284181,39213.336794,3580000.0,0.8,1.3,data/existing_infrastructure/solar_capacity.csv: 2010+2015+2020+2025,Post_2030_extension_keep_annual_addition_238GW
Solar PV,solar,Hebei,2035,0.07247,259443.766846,207555.013477,337276.8969,3580000.0,0.8,1.3,data/existing_infrastructure/solar_capacity.csv: 2010+2015+2020+2025,Post_2030_extension_keep_annual_addition_238GW
Solar PV,solar,Heilongjiang,2035,0.007676,27481.224797,21984.979838,35725.592237,3580000.0,0.8,1.3,data/existing_infrastructure/solar_capacity.csv: 2010+2015+2020+2025,Post_2030_extension_keep_annual_addition_238GW
Solar PV,solar,Henan,2035,0.046739,167325.173706,133860.138965,217522.725818,3580000.0,0.8,1.3,data/existing_infrastructure/solar_capacity.csv: 2010+2015+2020+2025,Post_2030_extension_keep_annual_addition_238GW
Solar PV,solar,Hubei,2035,0.038782,138838.266565,111070.613252,180489.746535,3580000.0,0.8,1.3,data/existing_infrastructure/solar_capacity.csv: 2010+2015+2020+2025,Post_2030_extension_keep_annual_addition_238GW
Solar PV,solar,Hunan,2035,0.023265,83290.229783,66632.183826,108277.298718,3580000.0,0.8,1.3,data/existing_infrastructure/solar_capacity.csv: 2010+2015+2020+2025,Post_2030_extension_keep_annual_addition_238GW
Solar PV,solar,InnerMongolia,2035,0.045255,162013.516012,129610.81281,210617.570816,3580000.0,0.8,1.3,data/existing_infrastructure/solar_capacity.csv: 2010+2015+2020+2025,Post_2030_extension_keep_annual_addition_238GW
Solar PV,solar,Jiangsu,2035,0.076554,274064.351295,219251.481036,356283.656684,3580000.0,0.8,1.3,data/existing_infrastructure/solar_capacity.csv: 2010+2015+2020+2025,Post_2030_extension_keep_annual_addition_238GW
Solar PV,solar,Jiangxi,2035,0.024987,89454.807945,71563.846356,116291.250329,3580000.0,0.8,1.3,data/existing_infrastructure/solar_capacity.csv: 2010+2015+2020+2025,Post_2030_extension_keep_annual_addition_238GW
Solar PV,solar,Jilin,2035,0.006234,22315.9639,17852.77112,29010.753071,3580000.0,0.8,1.3,data/existing_infrastructure/solar_capacity.csv: 2010+2015+2020+2025,Post_2030_extension_keep_annual_addition_238GW
Solar PV,solar,Liaoning,2035,0.013438,48107.260456,38485.808365,62539.438593,3580000.0,0.8,1.3,data/existing_infrastructure/solar_capacity.csv: 2010+2015+2020+2025,Post_2030_extension_keep_annual_addition_238GW
Solar PV,solar,Ningxia,2035,0.031384,112356.359033,89885.087226,146063.266743,3580000.0,0.8,1.3,data/existing_infrastructure/solar_capacity.csv: 2010+2015+2020+2025,Post_2030_extension_keep_annual_addition_238GW
Solar PV,solar,Qinghai,2035,0.034392,123122.888679,98498.310943,160059.755282,3580000.0,0.8,1.3,data/existing_infrastructure/solar_capacity.csv: 2010+2015+2020+2025,Post_2030_extension_keep_annual_addition_238GW
Solar PV,solar,Shaanxi,2035,0.036011,128918.29231,103134.633848,167593.780003,3580000.0,0.8,1.3,data/existing_infrastructure/solar_capacity.csv: 2010+2015+2020+2025,Post_2030_extension_keep_annual_addition_238GW
Solar PV,solar,Shandong,2035,0.081544,291927.943049,233542.354439,379506.325963,3580000.0,0.8,1.3,data/existing_infrastructure/solar_capacity.csv: 2010+2015+2020+2025,Post_2030_extension_keep_annual_addition_238GW
Solar PV,solar,Shanghai,2035,0.00508,18185.028198,14548.022559,23640.536658,3580000.0,0.8,1.3,data/existing_infrastructure/solar_capacity.csv: 2010+2015+2020+2025,Post_2030_extension_keep_annual_addition_238GW
Solar PV,solar,Shanxi,2035,0.042979,153863.033475,123090.42678,200021.943518,3580000.0,0.8,1.3,data/existing_infrastructure/solar_capacity.csv: 2010+2015+2020+2025,Post_2030_extension_keep_annual_addition_238GW
Solar PV,solar,Sichuan,2035,0.014568,52152.267604,41721.814083,67797.947885,3580000.0,0.8,1.3,data/existing_infrastructure/solar_capacity.csv: 2010+2015+2020+2025,Post_2030_extension_keep_annual_addition_238GW
Solar PV,solar,Tianjin,2035,0.00878,31430.755773,25144.604618,40859.982505,3580000.0,0.8,1.3,data/existing_infrastructure/solar_capacity.csv: 2010+2015+2020+2025,Post_2030_extension_keep_annual_addition_238GW
Solar PV,solar,Tibet,2035,0.004791,17150.703003,13720.562403,22295.913904,3580000.0,0.8,1.3,data/existing_infrastructure/solar_capacity.csv: 2010+2015+2020+2025,Post_2030_extension_keep_annual_addition_238GW
Solar PV,solar,Xinjiang,2035,0.071083,254475.823371,203580.658697,330818.570382,3580000.0,0.8,1.3,data/existing_infrastructure/solar_capacity.csv: 2010+2015+2020+2025,Post_2030_extension_keep_annual_addition_238GW
Solar PV,solar,Yunnan,2035,0.046232,165511.126441,132408.901153,215164.464373,3580000.0,0.8,1.3,data/existing_infrastructure/solar_capacity.csv: 2010+2015+2020+2025,Post_2030_extension_keep_annual_addition_238GW
Solar PV,solar,Zhejiang,2035,0.054277,194313.104949,155450.483959,252607.036434,3580000.0,0.8,1.3,data/existing_infrastructure/solar_capacity.csv: 2010+2015+2020+2025,Post_2030_extension_keep_annual_addition_238GW
Solar PV,solar,Anhui,2040,0.048343,230598.397352,184478.717881,299777.916557,4770000.0,0.8,1.3,data/existing_infrastructure/solar_capacity.csv: 2010+2015+2020+2025,Post_2030_extension_keep_annual_addition_238GW
Solar PV,solar,Beijing,2040,0.001711,8162.812653,6530.250123,10611.656449,4770000.0,0.8,1.3,data/existing_infrastructure/solar_capacity.csv: 2010+2015+2020+2025,Post_2030_extension_keep_annual_addition_238GW
Solar PV,solar,Chongqing,2040,0.004786,22830.432896,18264.346317,29679.562765,4770000.0,0.8,1.3,data/existing_infrastructure/solar_capacity.csv: 2010+2015+2020+2025,Post_2030_extension_keep_annual_addition_238GW
Solar PV,solar,Fujian,2040,0.014522,69271.536366,55417.229093,90052.997276,4770000.0,0.8,1.3,data/existing_infrastructure/solar_capacity.csv: 2010+2015+2020+2025,Post_2030_extension_keep_annual_addition_238GW
Solar PV,solar,Gansu,2040,0.032431,154694.840731,123755.872585,201103.29295,4770000.0,0.8,1.3,data/existing_infrastructure/solar_capacity.csv: 2010+2015+2020+2025,Post_2030_extension_keep_annual_addition_238GW
Solar PV,solar,Guangdong,2040,0.052352,249718.46086,199774.768688,324633.999118,4770000.0,0.8,1.3,data/existing_infrastructure/solar_capacity.csv: 2010+2015+2020+2025,Post_2030_extension_keep_annual_addition_238GW
Solar PV,solar,Guangxi,2040,0.026299,125444.408688,100355.52695,163077.731294,4770000.0,0.8,1.3,data/existing_infrastructure/solar_capacity.csv: 2010+2015+2020+2025,Post_2030_extension_keep_annual_addition_238GW
Solar PV,solar,Guizhou,2040,0.02461,117387.606588,93910.085271,152603.888565,4770000.0,0.8,1.3,data/existing_infrastructure/solar_capacity.csv: 2010+2015+2020+2025,Post_2030_extension_keep_annual_addition_238GW
Solar PV,solar,Hainan,2040,0.008426,40190.72121,32152.576968,52247.937572,4770000.0,0.8,1.3,data/existing_infrastructure/solar_capacity.csv: 2010+2015+2020+2025,Post_2030_extension_keep_annual_addition_238GW
Solar PV,solar,Hebei,2040,0.07247,345683.454708,276546.763767,449388.491121,4770000.0,0.8,1.3,data/existing_infrastructure/solar_capacity.csv: 2010+2015+2020+2025,Post_2030_extension_keep_annual_addition_238GW
Solar PV,solar,Heilongjiang,2040,0.007676,36616.045331,29292.836265,47600.85893,4770000.0,0.8,1.3,data/existing_infrastructure/solar_capacity.csv: 2010+2015+2020+2025,Post_2030_extension_keep_annual_addition_238GW
Solar PV,solar,Henan,2040,0.046739,222944.435357,178355.548286,289827.765964,4770000.0,0.8,1.3,data/existing_infrastructure/solar_capacity.csv: 2010+2015+2020+2025,Post_2030_extension_keep_annual_addition_238GW
Solar PV,solar,Hubei,2040,0.038782,184988.416625,147990.7333,240484.941612,4770000.0,0.8,1.3,data/existing_infrastructure/solar_capacity.csv: 2010+2015+2020+2025,Post_2030_extension_keep_annual_addition_238GW
Solar PV,solar,Hunan,2040,0.023265,110976.088286,88780.870629,144268.914772,4770000.0,0.8,1.3,data/existing_infrastructure/solar_capacity.csv: 2010+2015+2020+2025,Post_2030_extension_keep_annual_addition_238GW
Solar PV,solar,InnerMongolia,2040,0.045255,215867.170776,172693.736621,280627.322009,4770000.0,0.8,1.3,data/existing_infrastructure/solar_capacity.csv: 2010+2015+2020+2025,Post_2030_extension_keep_annual_addition_238GW
Solar PV,solar,Jiangsu,2040,0.076554,365163.9541,292131.16328,474713.14033,4770000.0,0.8,1.3,data/existing_infrastructure/solar_capacity.csv: 2010+2015+2020+2025,Post_2030_extension_keep_annual_addition_238GW
Solar PV,solar,Jiangxi,2040,0.024987,119189.786005,95351.828804,154946.721807,4770000.0,0.8,1.3,data/existing_infrastructure/solar_capacity.csv: 2010+2015+2020+2025,Post_2030_extension_keep_annual_addition_238GW
Solar PV,solar,Jilin,2040,0.006234,29733.840169,23787.072135,38653.99222,4770000.0,0.8,1.3,data/existing_infrastructure/solar_capacity.csv: 2010+2015+2020+2025,Post_2030_extension_keep_annual_addition_238GW
Solar PV,solar,Liaoning,2040,0.013438,64098.221334,51278.577067,83327.687734,4770000.0,0.8,1.3,data/existing_infrastructure/solar_capacity.csv: 2010+2015+2020+2025,Post_2030_extension_keep_annual_addition_238GW
Solar PV,solar,Ningxia,2040,0.031384,149703.863851,119763.091081,194615.023007,4770000.0,0.8,1.3,data/existing_infrastructure/solar_capacity.csv: 2010+2015+2020+2025,Post_2030_extension_keep_annual_addition_238GW
Solar PV,solar,Qinghai,2040,0.034392,164049.21201,131239.369608,213263.975614,4770000.0,0.8,1.3,data/existing_infrastructure/solar_capacity.csv: 2010+2015+2020+2025,Post_2030_extension_keep_annual_addition_238GW
Solar PV,solar,Shaanxi,2040,0.036011,171771.020759,137416.816608,223302.326987,4770000.0,0.8,1.3,data/existing_infrastructure/solar_capacity.csv: 2010+2015+2020+2025,Post_2030_extension_keep_annual_addition_238GW
Solar PV,solar,Shandong,2040,0.081544,388965.443671,311172.354937,505655.076772,4770000.0,0.8,1.3,data/existing_infrastructure/solar_capacity.csv: 2010+2015+2020+2025,Post_2030_extension_keep_annual_addition_238GW
Solar PV,solar,Shanghai,2040,0.00508,24229.772208,19383.817767,31498.703871,4770000.0,0.8,1.3,data/existing_infrastructure/solar_capacity.csv: 2010+2015+2020+2025,Post_2030_extension_keep_annual_addition_238GW
Solar PV,solar,Shanxi,2040,0.042979,205007.449631,164005.959704,266509.68452,4770000.0,0.8,1.3,data/existing_infrastructure/solar_capacity.csv: 2010+2015+2020+2025,Post_2030_extension_keep_annual_addition_238GW
Solar PV,solar,Sichuan,2040,0.014568,69487.797896,55590.238317,90334.137265,4770000.0,0.8,1.3,data/existing_infrastructure/solar_capacity.csv: 2010+2015+2020+2025,Post_2030_extension_keep_annual_addition_238GW
Solar PV,solar,Tianjin,2040,0.00878,41878.409228,33502.727383,54441.931997,4770000.0,0.8,1.3,data/existing_infrastructure/solar_capacity.csv: 2010+2015+2020+2025,Post_2030_extension_keep_annual_addition_238GW
Solar PV,solar,Tibet,2040,0.004791,22851.635007,18281.308006,29707.125509,4770000.0,0.8,1.3,data/existing_infrastructure/solar_capacity.csv: 2010+2015+2020+2025,Post_2030_extension_keep_annual_addition_238GW
Solar PV,solar,Xinjiang,2040,0.071083,339064.15572,271251.324576,440783.402437,4770000.0,0.8,1.3,data/existing_infrastructure/solar_capacity.csv: 2010+2015+2020+2025,Post_2030_extension_keep_annual_addition_238GW
Solar PV,solar,Yunnan,2040,0.046232,220527.394727,176421.915782,286685.613145,4770000.0,0.8,1.3,data/existing_infrastructure/solar_capacity.csv: 2010+2015+2020+2025,Post_2030_extension_keep_annual_addition_238GW
Solar PV,solar,Zhejiang,2040,0.054277,258903.215253,207122.572203,336574.179829,4770000.0,0.8,1.3,data/existing_infrastructure/solar_capacity.csv: 2010+2015+2020+2025,Post_2030_extension_keep_annual_addition_238GW
Solar PV,solar,Anhui,2045,0.048343,288127.137991,230501.710393,374565.279388,5960000.0,0.8,1.3,data/existing_infrastructure/solar_capacity.csv: 2010+2015+2020+2025,Post_2030_extension_keep_annual_addition_238GW
Solar PV,solar,Beijing,2045,0.001711,10199.237613,8159.39009,13259.008897,5960000.0,0.8,1.3,data/existing_infrastructure/solar_capacity.csv: 2010+2015+2020+2025,Post_2030_extension_keep_annual_addition_238GW
Solar PV,solar,Chongqing,2045,0.004786,28526.075485,22820.860388,37083.89813,5960000.0,0.8,1.3,data/existing_infrastructure/solar_capacity.csv: 2010+2015+2020+2025,Post_2030_extension_keep_annual_addition_238GW
Solar PV,solar,Fujian,2045,0.014522,86553.114621,69242.491697,112519.049008,5960000.0,0.8,1.3,data/existing_infrastructure/solar_capacity.csv: 2010+2015+2020+2025,Post_2030_extension_keep_annual_addition_238GW
Solar PV,solar,Gansu,2045,0.032431,193287.473953,154629.979162,251273.716139,5960000.0,0.8,1.3,data/existing_infrastructure/solar_capacity.csv: 2010+2015+2020+2025,Post_2030_extension_keep_annual_addition_238GW
Solar PV,solar,Guangdong,2045,0.052352,312017.196379,249613.757103,405622.355292,5960000.0,0.8,1.3,data/existing_infrastructure/solar_capacity.csv: 2010+2015+2020+2025,Post_2030_extension_keep_annual_addition_238GW
Solar PV,solar,Guangxi,2045,0.026299,156739.764314,125391.811451,203761.693609,5960000.0,0.8,1.3,data/existing_infrastructure/solar_capacity.csv: 2010+2015+2020+2025,Post_2030_extension_keep_annual_addition_238GW
Solar PV,solar,Guizhou,2045,0.02461,146672.984333,117338.387466,190674.879632,5960000.0,0.8,1.3,data/existing_infrastructure/solar_capacity.csv: 2010+2015+2020+2025,Post_2030_extension_keep_annual_addition_238GW
Solar PV,solar,Hainan,2045,0.008426,50217.337193,40173.869754,65282.53835,5960000.0,0.8,1.3,data/existing_infrastructure/solar_capacity.csv: 2010+2015+2020+2025,Post_2030_extension_keep_annual_addition_238GW
Solar PV,solar,Hebei,2045,0.07247,431923.142571,345538.514057,561500.085342,5960000.0,0.8,1.3,data/existing_infrastructure/solar_capacity.csv: 2010+2015+2020+2025,Post_2030_extension_keep_annual_addition_238GW
Solar PV,solar,Heilongjiang,2045,0.007676,45750.865864,36600.692691,59476.125623,5960000.0,0.8,1.3,data/existing_infrastructure/solar_capacity.csv: 2010+2015+2020+2025,Post_2030_extension_keep_annual_addition_238GW
Solar PV,solar,Henan,2045,0.046739,278563.697008,222850.957606,362132.80611,5960000.0,0.8,1.3,data/existing_infrastructure/solar_capacity.csv: 2010+2015+2020+2025,Post_2030_extension_keep_annual_addition_238GW
Solar PV,solar,Hubei,2045,0.038782,231138.566684,184910.853347,300480.136689,5960000.0,0.8,1.3,data/existing_infrastructure/solar_capacity.csv: 2010+2015+2020+2025,Post_2030_extension_keep_annual_addition_238GW
Solar PV,solar,Hunan,2045,0.023265,138661.946789,110929.557431,180260.530826,5960000.0,0.8,1.3,data/existing_infrastructure/solar_capacity.csv: 2010+2015+2020+2025,Post_2030_extension_keep_annual_addition_238GW
Solar PV,solar,InnerMongolia,2045,0.045255,269720.82554,215776.660432,350637.073202,5960000.0,0.8,1.3,data/existing_infrastructure/solar_capacity.csv: 2010+2015+2020+2025,Post_2030_extension_keep_annual_addition_238GW
Solar PV,solar,Jiangsu,2045,0.076554,456263.556905,365010.845524,593142.623977,5960000.0,0.8,1.3,data/existing_infrastructure/solar_capacity.csv: 2010+2015+2020+2025,Post_2030_extension_keep_annual_addition_238GW
Solar PV,solar,Jiangxi,2045,0.024987,148924.764065,119139.811252,193602.193285,5960000.0,0.8,1.3,data/existing_infrastructure/solar_capacity.csv: 2010+2015+2020+2025,Post_2030_extension_keep_annual_addition_238GW
Solar PV,solar,Jilin,2045,0.006234,37151.716438,29721.37315,48297.231369,5960000.0,0.8,1.3,data/existing_infrastructure/solar_capacity.csv: 2010+2015+2020+2025,Post_2030_extension_keep_annual_addition_238GW
Solar PV,solar,Liaoning,2045,0.013438,80089.182212,64071.34577,104115.936875,5960000.0,0.8,1.3,data/existing_infrastructure/solar_capacity.csv: 2010+2015+2020+2025,Post_2030_extension_keep_annual_addition_238GW
Solar PV,solar,Ningxia,2045,0.031384,187051.36867,149641.094936,243166.77927,5960000.0,0.8,1.3,data/existing_infrastructure/solar_capacity.csv: 2010+2015+2020+2025,Post_2030_extension_keep_annual_addition_238GW
Solar PV,solar,Qinghai,2045,0.034392,204975.535342,163980.428274,266468.195945,5960000.0,0.8,1.3,data/existing_infrastructure/solar_capacity.csv: 2010+2015+2020+2025,Post_2030_extension_keep_annual_addition_238GW
Solar PV,solar,Shaanxi,2045,0.036011,214623.749209,171698.999367,279010.873971,5960000.0,0.8,1.3,data/existing_infrastructure/solar_capacity.csv: 2010+2015+2020+2025,Post_2030_extension_keep_annual_addition_238GW
Solar PV,solar,Shandong,2045,0.081544,486002.944293,388802.355434,631803.827581,5960000.0,0.8,1.3,data/existing_infrastructure/solar_capacity.csv: 2010+2015+2020+2025,Post_2030_extension_keep_annual_addition_238GW
Solar PV,solar,Shanghai,2045,0.00508,30274.516219,24219.612975,39356.871084,5960000.0,0.8,1.3,data/existing_infrastructure/solar_capacity.csv: 2010+2015+2020+2025,Post_2030_extension_keep_annual_addition_238GW
Solar PV,solar,Shanxi,2045,0.042979,256151.865786,204921.492629,332997.425521,5960000.0,0.8,1.3,data/existing_infrastructure/solar_capacity.csv: 2010+2015+2020+2025,Post_2030_extension_keep_annual_addition_238GW
Solar PV,solar,Sichuan,2045,0.014568,86823.328189,69458.662551,112870.326646,5960000.0,0.8,1.3,data/existing_infrastructure/solar_capacity.csv: 2010+2015+2020+2025,Post_2030_extension_keep_annual_addition_238GW
Solar PV,solar,Tianjin,2045,0.00878,52326.062684,41860.850147,68023.881489,5960000.0,0.8,1.3,data/existing_infrastructure/solar_capacity.csv: 2010+2015+2020+2025,Post_2030_extension_keep_annual_addition_238GW
Solar PV,solar,Tibet,2045,0.004791,28552.567011,22842.053609,37118.337114,5960000.0,0.8,1.3,data/existing_infrastructure/solar_capacity.csv: 2010+2015+2020+2025,Post_2030_extension_keep_annual_addition_238GW
Solar PV,solar,Xinjiang,2045,0.071083,423652.48807,338921.990456,550748.234491,5960000.0,0.8,1.3,data/existing_infrastructure/solar_capacity.csv: 2010+2015+2020+2025,Post_2030_extension_keep_annual_addition_238GW
Solar PV,solar,Yunnan,2045,0.046232,275543.663014,220434.930411,358206.761918,5960000.0,0.8,1.3,data/existing_infrastructure/solar_capacity.csv: 2010+2015+2020+2025,Post_2030_extension_keep_annual_addition_238GW
Solar PV,solar,Zhejiang,2045,0.054277,323493.325558,258794.660446,420541.323225,5960000.0,0.8,1.3,data/existing_infrastructure/solar_capacity.csv: 2010+2015+2020+2025,Post_2030_extension_keep_annual_addition_238GW
Solar PV,solar,Anhui,2050,0.048343,345655.87863,276524.702904,449352.642219,7150000.0,0.8,1.3,data/existing_infrastructure/solar_capacity.csv: 2010+2015+2020+2025,Post_2030_extension_keep_annual_addition_238GW
Solar PV,solar,Beijing,2050,0.001711,12235.662573,9788.530058,15906.361344,7150000.0,0.8,1.3,data/existing_infrastructure/solar_capacity.csv: 2010+2015+2020+2025,Post_2030_extension_keep_annual_addition_238GW
Solar PV,solar,Chongqing,2050,0.004786,34221.718073,27377.374459,44488.233495,7150000.0,0.8,1.3,data/existing_infrastructure/solar_capacity.csv: 2010+2015+2020+2025,Post_2030_extension_keep_annual_addition_238GW
Solar PV,solar,Fujian,2050,0.014522,103834.692876,83067.754301,134985.100739,7150000.0,0.8,1.3,data/existing_infrastructure/solar_capacity.csv: 2010+2015+2020+2025,Post_2030_extension_keep_annual_addition_238GW
Solar PV,solar,Gansu,2050,0.032431,231880.107175,185504.08574,301444.139328,7150000.0,0.8,1.3,data/existing_infrastructure/solar_capacity.csv: 2010+2015+2020+2025,Post_2030_extension_keep_annual_addition_238GW
Solar PV,solar,Guangdong,2050,0.052352,374315.931897,299452.745518,486610.711466,7150000.0,0.8,1.3,data/existing_infrastructure/solar_capacity.csv: 2010+2015+2020+2025,Post_2030_extension_keep_annual_addition_238GW
Solar PV,solar,Guangxi,2050,0.026299,188035.119941,150428.095953,244445.655923,7150000.0,0.8,1.3,data/existing_infrastructure/solar_capacity.csv: 2010+2015+2020+2025,Post_2030_extension_keep_annual_addition_238GW
Solar PV,solar,Guizhou,2050,0.02461,175958.362077,140766.689662,228745.8707,7150000.0,0.8,1.3,data/existing_infrastructure/solar_capacity.csv: 2010+2015+2020+2025,Post_2030_extension_keep_annual_addition_238GW
Solar PV,solar,Hainan,2050,0.008426,60243.953176,48195.162541,78317.139129,7150000.0,0.8,1.3,data/existing_infrastructure/solar_capacity.csv: 2010+2015+2020+2025,Post_2030_extension_keep_annual_addition_238GW
Solar PV,solar,Hebei,2050,0.07247,518162.830433,414530.264346,673611.679563,7150000.0,0.8,1.3,data/existing_infrastructure/solar_capacity.csv: 2010+2015+2020+2025,Post_2030_extension_keep_annual_addition_238GW
Solar PV,solar,Heilongjiang,2050,0.007676,54885.686397,43908.549118,71351.392316,7150000.0,0.8,1.3,data/existing_infrastructure/solar_capacity.csv: 2010+2015+2020+2025,Post_2030_extension_keep_annual_addition_238GW
Solar PV,solar,Henan,2050,0.046739,334182.958659,267346.366927,434437.846257,7150000.0,0.8,1.3,data/existing_infrastructure/solar_capacity.csv: 2010+2015+2020+2025,Post_2030_extension_keep_annual_addition_238GW
Solar PV,solar,Hubei,2050,0.038782,277288.716743,221830.973395,360475.331766,7150000.0,0.8,1.3,data/existing_infrastructure/solar_capacity.csv: 2010+2015+2020+2025,Post_2030_extension_keep_annual_addition_238GW
Solar PV,solar,Hunan,2050,0.023265,166347.805293,133078.244234,216252.14688,7150000.0,0.8,1.3,data/existing_infrastructure/solar_capacity.csv: 2010+2015+2020+2025,Post_2030_extension_keep_annual_addition_238GW
Solar PV,solar,InnerMongolia,2050,0.045255,323574.480304,258859.584243,420646.824395,7150000.0,0.8,1.3,data/existing_infrastructure/solar_capacity.csv: 2010+2015+2020+2025,Post_2030_extension_keep_annual_addition_238GW
Solar PV,solar,Jiangsu,2050,0.076554,547363.15971,437890.527768,711572.107623,7150000.0,0.8,1.3,data/existing_infrastructure/solar_capacity.csv: 2010+2015+2020+2025,Post_2030_extension_keep_annual_addition_238GW
Solar PV,solar,Jiangxi,2050,0.024987,178659.742125,142927.7937,232257.664763,7150000.0,0.8,1.3,data/existing_infrastructure/solar_capacity.csv: 2010+2015+2020+2025,Post_2030_extension_keep_annual_addition_238GW
Solar PV,solar,Jilin,2050,0.006234,44569.592706,35655.674165,57940.470518,7150000.0,0.8,1.3,data/existing_infrastructure/solar_capacity.csv: 2010+2015+2020+2025,Post_2030_extension_keep_annual_addition_238GW
Solar PV,solar,Liaoning,2050,0.013438,96080.14309,76864.114472,124904.186017,7150000.0,0.8,1.3,data/existing_infrastructure/solar_capacity.csv: 2010+2015+2020+2025,Post_2030_extension_keep_annual_addition_238GW
Solar PV,solar,Ningxia,2050,0.031384,224398.873488,179519.09879,291718.535534,7150000.0,0.8,1.3,data/existing_infrastructure/solar_capacity.csv: 2010+2015+2020+2025,Post_2030_extension_keep_annual_addition_238GW
Solar PV,solar,Qinghai,2050,0.034392,245901.858674,196721.486939,319672.416276,7150000.0,0.8,1.3,data/existing_infrastructure/solar_capacity.csv: 2010+2015+2020+2025,Post_2030_extension_keep_annual_addition_238GW
Solar PV,solar,Shaanxi,2050,0.036011,257476.477658,205981.182127,334719.420956,7150000.0,0.8,1.3,data/existing_infrastructure/solar_capacity.csv: 2010+2015+2020+2025,Post_2030_extension_keep_annual_addition_238GW
Solar PV,solar,Shandong,2050,0.081544,583040.444915,466432.355932,757952.57839,7150000.0,0.8,1.3,data/existing_infrastructure/solar_capacity.csv: 2010+2015+2020+2025,Post_2030_extension_keep_annual_addition_238GW
Solar PV,solar,Shanghai,2050,0.00508,36319.260229,29055.408183,47215.038297,7150000.0,0.8,1.3,data/existing_infrastructure/solar_capacity.csv: 2010+2015+2020+2025,Post_2030_extension_keep_annual_addition_238GW
Solar PV,solar,Shanxi,2050,0.042979,307296.281941,245837.025553,399485.166523,7150000.0,0.8,1.3,data/existing_infrastructure/solar_capacity.csv: 2010+2015+2020+2025,Post_2030_extension_keep_annual_addition_238GW
Solar PV,solar,Sichuan,2050,0.014568,104158.858482,83327.086786,135406.516026,7150000.0,0.8,1.3,data/existing_infrastructure/solar_capacity.csv: 2010+2015+2020+2025,Post_2030_extension_keep_annual_addition_238GW
Solar PV,solar,Tianjin,2050,0.00878,62773.716139,50218.972911,81605.830981,7150000.0,0.8,1.3,data/existing_infrastructure/solar_capacity.csv: 2010+2015+2020+2025,Post_2030_extension_keep_annual_addition_238GW
Solar PV,solar,Tibet,2050,0.004791,34253.499015,27402.799212,44529.54872,7150000.0,0.8,1.3,data/existing_infrastructure/solar_capacity.csv: 2010+2015+2020+2025,Post_2030_extension_keep_annual_addition_238GW
Solar PV,solar,Xinjiang,2050,0.071083,508240.820419,406592.656336,660713.066545,7150000.0,0.8,1.3,data/existing_infrastructure/solar_capacity.csv: 2010+2015+2020+2025,Post_2030_extension_keep_annual_addition_238GW
Solar PV,solar,Yunnan,2050,0.046232,330559.9313,264447.94504,429727.91069,7150000.0,0.8,1.3,data/existing_infrastructure/solar_capacity.csv: 2010+2015+2020+2025,Post_2030_extension_keep_annual_addition_238GW
Solar PV,solar,Zhejiang,2050,0.054277,388083.435862,310466.74869,504508.466621,7150000.0,0.8,1.3,data/existing_infrastructure/solar_capacity.csv: 2010+2015+2020+2025,Post_2030_extension_keep_annual_addition_238GW
Solar PV,solar,Anhui,2055,0.048343,403184.619269,322547.695415,524140.005049,8340000.0,0.8,1.3,data/existing_infrastructure/solar_capacity.csv: 2010+2015+2020+2025,Post_2030_extension_keep_annual_addition_238GW
Solar PV,solar,Beijing,2055,0.001711,14272.087532,11417.670026,18553.713792,8340000.0,0.8,1.3,data/existing_infrastructure/solar_capacity.csv: 2010+2015+2020+2025,Post_2030_extension_keep_annual_addition_238GW
Solar PV,solar,Chongqing,2055,0.004786,39917.360662,31933.888529,51892.56886,8340000.0,0.8,1.3,data/existing_infrastructure/solar_capacity.csv: 2010+2015+2020+2025,Post_2030_extension_keep_annual_addition_238GW
Solar PV,solar,Fujian,2055,0.014522,121116.271131,96893.016905,157451.15247,8340000.0,0.8,1.3,data/existing_infrastructure/solar_capacity.csv: 2010+2015+2020+2025,Post_2030_extension_keep_annual_addition_238GW
Solar PV,solar,Gansu,2055,0.032431,270472.740397,216378.192318,351614.562516,8340000.0,0.8,1.3,data/existing_infrastructure/solar_capacity.csv: 2010+2015+2020+2025,Post_2030_extension_keep_annual_addition_238GW
Solar PV,solar,Guangdong,2055,0.052352,436614.667416,349291.733933,567599.067641,8340000.0,0.8,1.3,data/existing_infrastructure/solar_capacity.csv: 2010+2015+2020+2025,Post_2030_extension_keep_annual_addition_238GW
Solar PV,solar,Guangxi,2055,0.026299,219330.475567,175464.380454,285129.618238,8340000.0,0.8,1.3,data/existing_infrastructure/solar_capacity.csv: 2010+2015+2020+2025,Post_2030_extension_keep_annual_addition_238GW
Solar PV,solar,Guizhou,2055,0.02461,205243.739821,164194.991857,266816.861768,8340000.0,0.8,1.3,data/existing_infrastructure/solar_capacity.csv: 2010+2015+2020+2025,Post_2030_extension_keep_annual_addition_238GW
Solar PV,solar,Hainan,2055,0.008426,70270.569159,56216.455327,91351.739907,8340000.0,0.8,1.3,data/existing_infrastructure/solar_capacity.csv: 2010+2015+2020+2025,Post_2030_extension_keep_annual_addition_238GW
Solar PV,solar,Hebei,2055,0.07247,604402.518295,483522.014636,785723.273784,8340000.0,0.8,1.3,data/existing_infrastructure/solar_capacity.csv: 2010+2015+2020+2025,Post_2030_extension_keep_annual_addition_238GW
Solar PV,solar,Heilongjiang,2055,0.007676,64020.50693,51216.405544,83226.65901,8340000.0,0.8,1.3,data/existing_infrastructure/solar_capacity.csv: 2010+2015+2020+2025,Post_2030_extension_keep_annual_addition_238GW
Solar PV,solar,Henan,2055,0.046739,389802.22031,311841.776248,506742.886403,8340000.0,0.8,1.3,data/existing_infrastructure/solar_capacity.csv: 2010+2015+2020+2025,Post_2030_extension_keep_annual_addition_238GW
Solar PV,solar,Hubei,2055,0.038782,323438.866803,258751.093442,420470.526844,8340000.0,0.8,1.3,data/existing_infrastructure/solar_capacity.csv: 2010+2015+2020+2025,Post_2030_extension_keep_annual_addition_238GW
Solar PV,solar,Hunan,2055,0.023265,194033.663796,155226.931037,252243.762935,8340000.0,0.8,1.3,data/existing_infrastructure/solar_capacity.csv: 2010+2015+2020+2025,Post_2030_extension_keep_annual_addition_238GW
Solar PV,solar,InnerMongolia,2055,0.045255,377428.135068,301942.508054,490656.575588,8340000.0,0.8,1.3,data/existing_infrastructure/solar_capacity.csv: 2010+2015+2020+2025,Post_2030_extension_keep_annual_addition_238GW
Solar PV,solar,Jiangsu,2055,0.076554,638462.762515,510770.210012,830001.59127,8340000.0,0.8,1.3,data/existing_infrastructure/solar_capacity.csv: 2010+2015+2020+2025,Post_2030_extension_keep_annual_addition_238GW
Solar PV,solar,Jiangxi,2055,0.024987,208394.720185,166715.776148,270913.136241,8340000.0,0.8,1.3,data/existing_infrastructure/solar_capacity.csv: 2010+2015+2020+2025,Post_2030_extension_keep_annual_addition_238GW
Solar PV,solar,Jilin,2055,0.006234,51987.468975,41589.97518,67583.709667,8340000.0,0.8,1.3,data/existing_infrastructure/solar_capacity.csv: 2010+2015+2020+2025,Post_2030_extension_keep_annual_addition_238GW
Solar PV,solar,Liaoning,2055,0.013438,112071.103968,89656.883174,145692.435158,8340000.0,0.8,1.3,data/existing_infrastructure/solar_capacity.csv: 2010+2015+2020+2025,Post_2030_extension_keep_annual_addition_238GW
Solar PV,solar,Ningxia,2055,0.031384,261746.378306,209397.102645,340270.291798,8340000.0,0.8,1.3,data/existing_infrastructure/solar_capacity.csv: 2010+2015+2020+2025,Post_2030_extension_keep_annual_addition_238GW
Solar PV,solar,Qinghai,2055,0.034392,286828.182006,229462.545605,372876.636607,8340000.0,0.8,1.3,data/existing_infrastructure/solar_capacity.csv: 2010+2015+2020+2025,Post_2030_extension_keep_annual_addition_238GW
Solar PV,solar,Shaanxi,2055,0.036011,300329.206108,240263.364886,390427.96794,8340000.0,0.8,1.3,data/existing_infrastructure/solar_capacity.csv: 2010+2015+2020+2025,Post_2030_extension_keep_annual_addition_238GW
Solar PV,solar,Shandong,2055,0.081544,680077.945538,544062.35643,884101.329199,8340000.0,0.8,1.3,data/existing_infrastructure/solar_capacity.csv: 2010+2015+2020+2025,Post_2030_extension_keep_annual_addition_238GW
Solar PV,solar,Shanghai,2055,0.00508,42364.004239,33891.203391,55073.20551,8340000.0,0.8,1.3,data/existing_infrastructure/solar_capacity.csv: 2010+2015+2020+2025,Post_2030_extension_keep_annual_addition_238GW
Solar PV,solar,Shanxi,2055,0.042979,358440.698096,286752.558477,465972.907525,8340000.0,0.8,1.3,data/existing_infrastructure/solar_capacity.csv: 2010+2015+2020+2025,Post_2030_extension_keep_annual_addition_238GW
Solar PV,solar,Sichuan,2055,0.014568,121494.388775,97195.51102,157942.705407,8340000.0,0.8,1.3,data/existing_infrastructure/solar_capacity.csv: 2010+2015+2020+2025,Post_2030_extension_keep_annual_addition_238GW
Solar PV,solar,Tianjin,2055,0.00878,73221.369594,58577.095675,95187.780472,8340000.0,0.8,1.3,data/existing_infrastructure/solar_capacity.csv: 2010+2015+2020+2025,Post_2030_extension_keep_annual_addition_238GW
Solar PV,solar,Tibet,2055,0.004791,39954.431019,31963.544815,51940.760325,8340000.0,0.8,1.3,data/existing_infrastructure/solar_capacity.csv: 2010+2015+2020+2025,Post_2030_extension_keep_annual_addition_238GW
Solar PV,solar,Xinjiang,2055,0.071083,592829.152769,474263.322215,770677.8986,8340000.0,0.8,1.3,data/existing_infrastructure/solar_capacity.csv: 2010+2015+2020+2025,Post_2030_extension_keep_annual_addition_238GW
Solar PV,solar,Yunnan,2055,0.046232,385576.199586,308460.959669,501249.059462,8340000.0,0.8,1.3,data/existing_infrastructure/solar_capacity.csv: 2010+2015+2020+2025,Post_2030_extension_keep_annual_addition_238GW
Solar PV,solar,Zhejiang,2055,0.054277,452673.546166,362138.836933,588475.610016,8340000.0,0.8,1.3,data/existing_infrastructure/solar_capacity.csv: 2010+2015+2020+2025,Post_2030_extension_keep_annual_addition_238GW
Solar PV,solar,Anhui,2060,0.048343,460713.359908,368570.687926,598927.36788,9530000.0,0.8,1.3,data/existing_infrastructure/solar_capacity.csv: 2010+2015+2020+2025,Post_2030_extension_keep_annual_addition_238GW
Solar PV,solar,Beijing,2060,0.001711,16308.512492,13046.809994,21201.066239,9530000.0,0.8,1.3,data/existing_infrastructure/solar_capacity.csv: 2010+2015+2020+2025,Post_2030_extension_keep_annual_addition_238GW
Solar PV,solar,Chongqing,2060,0.004786,45613.00325,36490.4026,59296.904225,9530000.0,0.8,1.3,data/existing_infrastructure/solar_capacity.csv: 2010+2015+2020+2025,Post_2030_extension_keep_annual_addition_238GW
Solar PV,solar,Fujian,2060,0.014522,138397.849386,110718.279509,179917.204202,9530000.0,0.8,1.3,data/existing_infrastructure/solar_capacity.csv: 2010+2015+2020+2025,Post_2030_extension_keep_annual_addition_238GW
Solar PV,solar,Gansu,2060,0.032431,309065.373619,247252.298896,401784.985705,9530000.0,0.8,1.3,data/existing_infrastructure/solar_capacity.csv: 2010+2015+2020+2025,Post_2030_extension_keep_annual_addition_238GW
Solar PV,solar,Guangdong,2060,0.052352,498913.402934,399130.722347,648587.423815,9530000.0,0.8,1.3,data/existing_infrastructure/solar_capacity.csv: 2010+2015+2020+2025,Post_2030_extension_keep_annual_addition_238GW
Solar PV,solar,Guangxi,2060,0.026299,250625.831194,200500.664955,325813.580552,9530000.0,0.8,1.3,data/existing_infrastructure/solar_capacity.csv: 2010+2015+2020+2025,Post_2030_extension_keep_annual_addition_238GW
Solar PV,solar,Guizhou,2060,0.02461,234529.117565,187623.294052,304887.852835,9530000.0,0.8,1.3,data/existing_infrastructure/solar_capacity.csv: 2010+2015+2020+2025,Post_2030_extension_keep_annual_addition_238GW
Solar PV,solar,Hainan,2060,0.008426,80297.185142,64237.748114,104386.340685,9530000.0,0.8,1.3,data/existing_infrastructure/solar_capacity.csv: 2010+2015+2020+2025,Post_2030_extension_keep_annual_addition_238GW
Solar PV,solar,Hebei,2060,0.07247,690642.206157,552513.764926,897834.868005,9530000.0,0.8,1.3,data/existing_infrastructure/solar_capacity.csv: 2010+2015+2020+2025,Post_2030_extension_keep_annual_addition_238GW
Solar PV,solar,Heilongjiang,2060,0.007676,73155.327464,58524.261971,95101.925703,9530000.0,0.8,1.3,data/existing_infrastructure/solar_capacity.csv: 2010+2015+2020+2025,Post_2030_extension_keep_annual_addition_238GW
Solar PV,solar,Henan,2060,0.046739,445421.481961,356337.185569,579047.926549,9530000.0,0.8,1.3,data/existing_infrastructure/solar_capacity.csv: 2010+2015+2020+2025,Post_2030_extension_keep_annual_addition_238GW
Solar PV,solar,Hubei,2060,0.038782,369589.016862,295671.21349,480465.721921,9530000.0,0.8,1.3,data/existing_infrastructure/solar_capacity.csv: 2010+2015+2020+2025,Post_2030_extension_keep_annual_addition_238GW
Solar PV,solar,Hunan,2060,0.023265,221719.522299,177375.617839,288235.378989,9530000.0,0.8,1.3,data/existing_infrastructure/solar_capacity.csv: 2010+2015+2020+2025,Post_2030_extension_keep_annual_addition_238GW
Solar PV,solar,InnerMongolia,2060,0.045255,431281.789832,345025.431865,560666.326781,9530000.0,0.8,1.3,data/existing_infrastructure/solar_capacity.csv: 2010+2015+2020+2025,Post_2030_extension_keep_annual_addition_238GW
Solar PV,solar,Jiangsu,2060,0.076554,729562.36532,583649.892256,948431.074916,9530000.0,0.8,1.3,data/existing_infrastructure/solar_capacity.csv: 2010+2015+2020+2025,Post_2030_extension_keep_annual_addition_238GW
Solar PV,solar,Jiangxi,2060,0.024987,238129.698246,190503.758596,309568.607719,9530000.0,0.8,1.3,data/existing_infrastructure/solar_capacity.csv: 2010+2015+2020+2025,Post_2030_extension_keep_annual_addition_238GW
Solar PV,solar,Jilin,2060,0.006234,59405.345243,47524.276195,77226.948816,9530000.0,0.8,1.3,data/existing_infrastructure/solar_capacity.csv: 2010+2015+2020+2025,Post_2030_extension_keep_annual_addition_238GW
Solar PV,solar,Liaoning,2060,0.013438,128062.064846,102449.651876,166480.684299,9530000.0,0.8,1.3,data/existing_infrastructure/solar_capacity.csv: 2010+2015+2020+2025,Post_2030_extension_keep_annual_addition_238GW
Solar PV,solar,Ningxia,2060,0.031384,299093.883124,239275.106499,388822.048062,9530000.0,0.8,1.3,data/existing_infrastructure/solar_capacity.csv: 2010+2015+2020+2025,Post_2030_extension_keep_annual_addition_238GW
Solar PV,solar,Qinghai,2060,0.034392,327754.505337,262203.60427,426080.856939,9530000.0,0.8,1.3,data/existing_infrastructure/solar_capacity.csv: 2010+2015+2020+2025,Post_2030_extension_keep_annual_addition_238GW
Solar PV,solar,Shaanxi,2060,0.036011,343181.934557,274545.547646,446136.514924,9530000.0,0.8,1.3,data/existing_infrastructure/solar_capacity.csv: 2010+2015+2020+2025,Post_2030_extension_keep_annual_addition_238GW
Solar PV,solar,Shandong,2060,0.081544,777115.44616,621692.356928,1010250.080008,9530000.0,0.8,1.3,data/existing_infrastructure/solar_capacity.csv: 2010+2015+2020+2025,Post_2030_extension_keep_annual_addition_238GW
Solar PV,solar,Shanghai,2060,0.00508,48408.748249,38726.998599,62931.372723,9530000.0,0.8,1.3,data/existing_infrastructure/solar_capacity.csv: 2010+2015+2020+2025,Post_2030_extension_keep_annual_addition_238GW
Solar PV,solar,Shanxi,2060,0.042979,409585.114251,327668.091401,532460.648527,9530000.0,0.8,1.3,data/existing_infrastructure/solar_capacity.csv: 2010+2015+2020+2025,Post_2030_extension_keep_annual_addition_238GW
Solar PV,solar,Sichuan,2060,0.014568,138829.919067,111063.935254,180478.894788,9530000.0,0.8,1.3,data/existing_infrastructure/solar_capacity.csv: 2010+2015+2020+2025,Post_2030_extension_keep_annual_addition_238GW
Solar PV,solar,Tianjin,2060,0.00878,83669.023049,66935.21844,108769.729964,9530000.0,0.8,1.3,data/existing_infrastructure/solar_capacity.csv: 2010+2015+2020+2025,Post_2030_extension_keep_annual_addition_238GW
Solar PV,solar,Tibet,2060,0.004791,45655.363023,36524.290418,59351.97193,9530000.0,0.8,1.3,data/existing_infrastructure/solar_capacity.csv: 2010+2015+2020+2025,Post_2030_extension_keep_annual_addition_238GW
Solar PV,solar,Xinjiang,2060,0.071083,677417.485119,541933.988095,880642.730654,9530000.0,0.8,1.3,data/existing_infrastructure/solar_capacity.csv: 2010+2015+2020+2025,Post_2030_extension_keep_annual_addition_238GW
Solar PV,solar,Yunnan,2060,0.046232,440592.467872,352473.974298,572770.208234,9530000.0,0.8,1.3,data/existing_infrastructure/solar_capacity.csv: 2010+2015+2020+2025,Post_2030_extension_keep_annual_addition_238GW
Solar PV,solar,Zhejiang,2060,0.054277,517263.656471,413810.925177,672442.753412,9530000.0,0.8,1.3,data/existing_infrastructure/solar_capacity.csv: 2010+2015+2020+2025,Post_2030_extension_keep_annual_addition_238GW
